509557482	src-tauri/target/debug/incremental/titane_infinity-11ns9w3y0ijbm/s-heuje7ci12-0cikqp7-15g69hpse9i7z6pc3q2rj9vap/dep-graph.bin
504336355	src-tauri/target/debug/incremental/titane_infinity-1mojao6sinidg/s-heq722y3vg-0ixb2c8-working/dep-graph.bin
504336355	src-tauri/target/debug/incremental/titane_infinity-1mojao6sinidg/s-heq6zgk5ca-121ctuf-37gggnuyqxxa09938zxbka882/dep-graph.bin
503906811	src-tauri/target/debug/incremental/titane_infinity-30olp0tuu29fp/s-hevvj0fwnq-1xohg3v-csx0rinmnt72eu6uojh4npfgs/dep-graph.bin
503856319	src-tauri/target/debug/incremental/titane_infinity-33bk8jnt9eyjb/s-hevxy6mwl4-0f4014k-8523w0jmlcukoy08f7tp1t6td/dep-graph.bin
503628902	src-tauri/target/debug/incremental/titane_infinity-1zm44j31pcmla/s-heq8omzciz-1dhte9j-9hx8lyn46vmylp4bg1datjyrl/dep-graph.bin
503541814	src-tauri/target/debug/incremental/titane_infinity-1j9iynkfivr88/s-heq7xsc73c-1kkmk6m-cm29frwndfmvsexwsqt5903d0/dep-graph.bin
503453981	src-tauri/target/debug/incremental/titane_infinity-15co2imlppd66/s-heqa6kcohd-1shdegw-bo6zgm8mdc7diityzt5y5k7mq/dep-graph.bin
446366225	src-tauri/target/debug/incremental/titane_infinity-0y6nfc3bc7u0k/s-heuje7czj3-1bo7bwr-5xkg120swcozdwa97ah2nl28i/dep-graph.bin
442075743	src-tauri/target/debug/incremental/titane_infinity-3s21f1fknsqn5/s-hev1o4ypjh-0dmndbv-08g0ws8ai6cdofch4mxluugaa/dep-graph.bin
442062284	src-tauri/target/debug/incremental/titane_infinity-34e7h3c86825o/s-hevxy6gnv8-0scxqx0-5holhlhus26rqjjmnvisg1ovo/dep-graph.bin
441999453	src-tauri/target/debug/incremental/titane_infinity-2wewaa6ua64pp/s-hevvj0h51a-1pvz8hi-bt59jhgn9vxfz4yagfmuvzjov/dep-graph.bin
441960134	src-tauri/target/debug/incremental/titane_infinity-3uljjo0ysib5e/s-heq722yx1g-1xjbe41-working/dep-graph.bin
441960134	src-tauri/target/debug/incremental/titane_infinity-3uljjo0ysib5e/s-heq6zgl1hf-11z9j4k-bibyg1liodfw27wwzexchh1h2/dep-graph.bin
441935119	src-tauri/target/debug/incremental/titane_infinity-0ku3kj3o9dpwi/s-heq6hqpcy7-1yq2g6z-72kl83aa9ayuj97qk8vy3vm20/dep-graph.bin
441728484	src-tauri/target/debug/incremental/titane_infinity-3ltwml82n8951/s-heq8on0402-0uj708a-8495w88tl9ggtt9uhdsgz69u8/dep-graph.bin
441698203	src-tauri/target/debug/incremental/titane_infinity-0bvv7u2js6lc5/s-hev0bekro7-1os4hqc-working/dep-graph.bin
441698203	src-tauri/target/debug/incremental/titane_infinity-0bvv7u2js6lc5/s-hetl8rfkv5-17vxdkw-1y7afym4goric9ylpey5aot2j/dep-graph.bin
441651423	src-tauri/target/debug/incremental/titane_infinity-1nfh5hjhgmslm/s-heqa6kddof-03ybsc9-cipadk57y0w588jqznzh5nscl/dep-graph.bin
441578613	src-tauri/target/debug/incremental/titane_infinity-298c3vm2piqss/s-heq7xrbxn8-0j5455v-0v4ishox1ho4endw1d57u9veq/dep-graph.bin
429553658	src-tauri/target/release/incremental/titane_infinity-17wd7tz1z300k/s-hevvpc9wn8-04oqzny-f3gs732sf5goc25bkgs4w17l1/dep-graph.bin
429097931	src-tauri/target/release/incremental/titane_infinity-2grhajoxa1ji7/s-hesbtfyozr-10qv4vn-28lubmaj7uvtaoqrua38pi5t8/dep-graph.bin
376140417	src-tauri/target/debug/incremental/titane_infinity-1mojao6sinidg/s-heq722y3vg-0ixb2c8-working/dep-graph.part.bin
357390156	src-tauri/target/debug/libtitane_infinity.rlib
357390156	src-tauri/target/debug/deps/libtitane_infinity-39b558406474dd18.rlib
357258474	src-tauri/target/debug/deps/libtitane_infinity-da0f98ee6780fe02.rlib
356837050	src-tauri/target/debug/deps/libtitane_infinity-02ee4866bfdc1b63.rlib
356767704	src-tauri/target/debug/deps/libtitane_infinity-15650149c4ca9bc9.rlib
356746838	src-tauri/target/debug/deps/libtitane_infinity-8bcc81fec6e7f51f.rlib
356643330	src-tauri/target/debug/deps/libtitane_infinity-b0c0cfa6014aec5d.rlib
355933094	src-tauri/target/debug/deps/libtitane_infinity-74fde779aea09996.rlib
355701088	src-tauri/target/debug/deps/libtitane_infinity-595540ac89712fb9.rlib
334797670	src-tauri/target/debug/incremental/titane_infinity-1y2e4pvd0ll3d/s-heq6c0ecz4-0cw6q6v-7hbll799avvtl8wa3sn4d6h8e/dep-graph.bin
309177910	src-tauri/target/debug/incremental/titane_infinity-3uljjo0ysib5e/s-heq722yx1g-1xjbe41-working/dep-graph.part.bin
298987433	src-tauri/target/debug/incremental/titane_infinity-34e7h3c86825o/s-hevxy6gnv8-0scxqx0-5holhlhus26rqjjmnvisg1ovo/query-cache.bin
298986819	src-tauri/target/debug/incremental/titane_infinity-3s21f1fknsqn5/s-hev1o4ypjh-0dmndbv-08g0ws8ai6cdofch4mxluugaa/query-cache.bin
298695437	src-tauri/target/debug/incremental/titane_infinity-298c3vm2piqss/s-heq7xrbxn8-0j5455v-0v4ishox1ho4endw1d57u9veq/query-cache.bin
298690246	src-tauri/target/debug/incremental/titane_infinity-0ku3kj3o9dpwi/s-heq6hqpcy7-1yq2g6z-72kl83aa9ayuj97qk8vy3vm20/query-cache.bin
296208250	src-tauri/target/debug/incremental/titane_infinity-0y6nfc3bc7u0k/s-heuje7czj3-1bo7bwr-5xkg120swcozdwa97ah2nl28i/query-cache.bin
292543257	src-tauri/target/release/incremental/titane_infinity-2grhajoxa1ji7/s-hesbtfyozr-10qv4vn-28lubmaj7uvtaoqrua38pi5t8/query-cache.bin
291091261	src-tauri/target/debug/incremental/titane_infinity-0bvv7u2js6lc5/s-hev0bekro7-1os4hqc-working/query-cache.bin
291091261	src-tauri/target/debug/incremental/titane_infinity-0bvv7u2js6lc5/s-hetl8rfkv5-17vxdkw-1y7afym4goric9ylpey5aot2j/query-cache.bin
290432620	src-tauri/target/debug/incremental/titane_infinity-2wewaa6ua64pp/s-hevvj0h51a-1pvz8hi-bt59jhgn9vxfz4yagfmuvzjov/query-cache.bin
290160188	src-tauri/target/debug/incremental/titane_infinity-3uljjo0ysib5e/s-heq722yx1g-1xjbe41-working/query-cache.bin
290160188	src-tauri/target/debug/incremental/titane_infinity-3uljjo0ysib5e/s-heq6zgl1hf-11z9j4k-bibyg1liodfw27wwzexchh1h2/query-cache.bin
290148608	src-tauri/target/debug/incremental/titane_infinity-3ltwml82n8951/s-heq8on0402-0uj708a-8495w88tl9ggtt9uhdsgz69u8/query-cache.bin
290138026	src-tauri/target/debug/incremental/titane_infinity-1nfh5hjhgmslm/s-heqa6kddof-03ybsc9-cipadk57y0w588jqznzh5nscl/query-cache.bin
288058874	src-tauri/target/release/incremental/titane_infinity-17wd7tz1z300k/s-hevvpc9wn8-04oqzny-f3gs732sf5goc25bkgs4w17l1/query-cache.bin
268297384	src-tauri/target/debug/incremental/titane_infinity-33bk8jnt9eyjb/s-hevxy6mwl4-0f4014k-8523w0jmlcukoy08f7tp1t6td/query-cache.bin
268124893	src-tauri/target/debug/incremental/titane_infinity-1j9iynkfivr88/s-heq7xsc73c-1kkmk6m-cm29frwndfmvsexwsqt5903d0/query-cache.bin
265343450	src-tauri/target/debug/incremental/titane_infinity-11ns9w3y0ijbm/s-heuje7ci12-0cikqp7-15g69hpse9i7z6pc3q2rj9vap/query-cache.bin
256117615	src-tauri/target/debug/incremental/titane_infinity-30olp0tuu29fp/s-hevvj0fwnq-1xohg3v-csx0rinmnt72eu6uojh4npfgs/query-cache.bin
256011731	src-tauri/target/debug/incremental/titane_infinity-1mojao6sinidg/s-heq722y3vg-0ixb2c8-working/query-cache.bin
256011731	src-tauri/target/debug/incremental/titane_infinity-1mojao6sinidg/s-heq6zgk5ca-121ctuf-37gggnuyqxxa09938zxbka882/query-cache.bin
255952329	src-tauri/target/debug/incremental/titane_infinity-1zm44j31pcmla/s-heq8omzciz-1dhte9j-9hx8lyn46vmylp4bg1datjyrl/query-cache.bin
255939659	src-tauri/target/debug/incremental/titane_infinity-15co2imlppd66/s-heqa6kcohd-1shdegw-bo6zgm8mdc7diityzt5y5k7mq/query-cache.bin
221990519	actions-runner/actions-runner-linux-x64-2.330.0.tar.gz
207291039	src-tauri/target/debug/incremental/titane_infinity-37bbodom9pbh9/s-her6c5dzpz-19fchoi-working/dep-graph.part.bin
202700274	src-tauri/target/release/incremental/titane_infinity-29z56tu0j08vt/s-hevvpobx49-0gqpe12-cd0jg5puu6sbr02n4rrsrjr59/dep-graph.bin
202376517	src-tauri/target/release/incremental/titane_infinity-1hx6t1v7y1sqn/s-hesc4hdpb1-157lzpv-4nl3mdqmxad6eza4itlaeixco/dep-graph.bin
161568736	src-tauri/target/debug/deps/titane_infinity-a2bf0d1fcf0dcf6e
161465400	src-tauri/target/debug/deps/titane_infinity-45ca5fc7ecad7cf5
161462304	src-tauri/target/debug/deps/titane_infinity-be35e92501258b9f
161091528	src-tauri/target/debug/deps/titane_infinity-a3ef3549f8b212c2
161089184	src-tauri/target/debug/deps/titane_infinity-9467f99a262522ea
161081840	src-tauri/target/debug/deps/titane_infinity-3515adccb53f4ea0
160971848	src-tauri/target/debug/deps/titane_infinity-e80ceffb1b794210
146856824	src-tauri/target/debug/titane-infinity
146856824	src-tauri/target/debug/deps/titane_infinity-7ad7d8ca7daaca19
141979958	src-tauri/target/debug/incremental/titane_infinity-1ail2oi63mw7f/s-hevxzd2cf8-06doqdl-44uzss8tg48ikijgddljdaii9/dep-graph.bin
141932840	src-tauri/target/debug/incremental/titane_infinity-1y2e4pvd0ll3d/s-heq6c0ecz4-0cw6q6v-7hbll799avvtl8wa3sn4d6h8e/query-cache.bin
139843734	src-tauri/target/debug/incremental/titane_infinity-0oj7hepwihuce/s-heur3kv2g8-09a9ep2-563hedubphp2ijn3umfixoj14/dep-graph.bin
139424612	src-tauri/target/debug/incremental/titane_infinity-18rgt77wepynm/s-hetl92wzye-0y3sln2-1tn4w65eobuyzs0psty2gwv77/dep-graph.bin
138440617	src-tauri/target/debug/incremental/titane_infinity-0vh94srcya0c3/s-hevnwsz7a4-1lu6rdl-eayuto6nxrb6nhh1pqj0j14u8/dep-graph.bin
138372965	src-tauri/target/debug/incremental/titane_infinity-1217mffjxvot1/s-hevvjifse3-1jtida2-ecrot8cozv36o152bdkjfmcb1/dep-graph.bin
137561315	src-tauri/target/debug/incremental/titane_infinity-0unkmdh9rolmv/s-heqa6t562u-1jis7ov-33kijq30pj03b8vaa0hw3dgl7/dep-graph.bin
137512756	src-tauri/target/debug/incremental/titane_infinity-1k6ur4qqjx2ok/s-heq8oygk1r-0prfmdw-6v1218l0b1vp5bnfyqxy5xyns/dep-graph.bin
137502301	src-tauri/target/debug/incremental/titane_infinity-2idtcw5k6q2m3/s-heq6zswu70-039gtc8-8n8f4s2hh1kn7r79n7s7lm9n5/dep-graph.bin
137454682	src-tauri/target/debug/incremental/titane_infinity-006vkm2ajalfd/s-heq7z5r14p-1u9312y-67ulb1aaonq5ckr6mxz2b55as/dep-graph.bin
137413972	src-tauri/target/debug/incremental/titane_infinity-0nbh66hito1b8/s-heq6itm6d1-05321ow-0y0ujeafpkd3uxkl2q0foyz6t/dep-graph.bin
134019324	src-tauri/target/release/deps/libtitane_infinity-851e46b4dff68165.rlib
133894562	src-tauri/target/release/deps/libtitane_infinity-3dab6094ad8c3283.rlib
131092072	src-tauri/target/debug/deps/titane_infinity-34c4b186eeecf2e1
131090944	src-tauri/target/debug/deps/titane_infinity-6520cc9374a5b591
131086432	src-tauri/target/debug/deps/titane_infinity-0b8e25e8e5da339a
131085952	src-tauri/target/debug/deps/titane_infinity-d23abc2b90dafa9c
131085160	src-tauri/target/debug/deps/titane_infinity-d2b674ebae26681c
131066464	src-tauri/target/debug/deps/titane_infinity-cde4343e44dcc4e9
131000360	src-tauri/target/debug/deps/titane_infinity-a4b4360c417f4395
130869744	src-tauri/target/debug/deps/titane_infinity-cf0b1d2a459bb624
130865256	src-tauri/target/debug/deps/titane_infinity-875b111053828fa2
127290416	.tools/node/_extract/node-v24.0.0-linux-x64/bin/node
123334378	src-tauri/target/debug/incremental/titane_infinity-34f99q1uonu2p/s-heur3kv33m-1bejh7h-bb1o397g9fnzin3fuxa0nlczi/dep-graph.bin
122644865	src-tauri/target/debug/incremental/titane_infinity-3ioyto4bekbkt/s-hevxzi5l32-0cwh4wl-5zr1rnes175relgzu5k3623zm/dep-graph.bin
121993210	src-tauri/target/debug/incremental/titane_infinity-16wi8byjo4e34/s-hevvjhcfrd-1psl6ex-11yqov7udctly7kai4qe4doa0/dep-graph.bin
121325181	src-tauri/target/debug/incremental/titane_infinity-0dz5lnk0g3ffx/s-heq6zr6x9i-0erqjz1-7ran62rgpaxpnxyc4c2syyzzp/dep-graph.bin
121233392	src-tauri/target/debug/incremental/titane_infinity-38c991ggsee59/s-heq8oxv898-09gxtj3-agb06lvt11cso8r551i0bnpjl/dep-graph.bin
121181626	src-tauri/target/debug/incremental/titane_infinity-11qgpacpgzj8e/s-heq7yzm6p5-00keit5-8iwbb6xfwva42zbehyoit8cul/dep-graph.bin
121127403	src-tauri/target/debug/incremental/titane_infinity-1no2cwm0d2vrs/s-heqa6sk197-13333no-4h947augul4nhnf8x1aosyko9/dep-graph.bin
118554856	src-tauri/target/debug/deps/titane_infinity-a356764a652bbbd9
113122576	src-tauri/target/debug/deps/titane_infinity-80153d7b45c2baa3
113099336	src-tauri/target/debug/deps/titane_infinity-d366fecac359a29a
113094744	src-tauri/target/debug/deps/titane_infinity-35efa6cb9dd662a1
113048314	src-tauri/target/release/incremental/titane_infinity-29z56tu0j08vt/s-hevvpobx49-0gqpe12-cd0jg5puu6sbr02n4rrsrjr59/query-cache.bin
112952704	src-tauri/target/debug/deps/titane_infinity-9f05dd5dd6b14a47
112951632	src-tauri/target/debug/deps/titane_infinity-5adbcdf2d3c1c2ae
112906144	src-tauri/target/debug/deps/titane_infinity-4102c698cbd05c32
112088226	src-tauri/target/release/incremental/titane_infinity-1hx6t1v7y1sqn/s-hesc4hdpb1-157lzpv-4nl3mdqmxad6eza4itlaeixco/query-cache.bin
110998191	src-tauri/target/debug/incremental/titane_infinity-0y6nfc3bc7u0k/s-heuje7czj3-1bo7bwr-5xkg120swcozdwa97ah2nl28i/metadata.rmeta
110998191	src-tauri/target/debug/deps/libtitane_infinity-02ee4866bfdc1b63.rmeta
110876634	src-tauri/target/debug/incremental/titane_infinity-3s21f1fknsqn5/s-hev1o4ypjh-0dmndbv-08g0ws8ai6cdofch4mxluugaa/metadata.rmeta
110876634	src-tauri/target/debug/deps/libtitane_infinity-39b558406474dd18.rmeta
110876612	src-tauri/target/debug/incremental/titane_infinity-34e7h3c86825o/s-hevxy6gnv8-0scxqx0-5holhlhus26rqjjmnvisg1ovo/metadata.rmeta
110876612	src-tauri/target/debug/incremental/titane_infinity-2wewaa6ua64pp/s-hevvj0h51a-1pvz8hi-bt59jhgn9vxfz4yagfmuvzjov/metadata.rmeta
110876612	src-tauri/target/debug/deps/libtitane_infinity-da0f98ee6780fe02.rmeta
110876612	src-tauri/target/debug/deps/libtitane_infinity-74fde779aea09996.rmeta
110757587	src-tauri/target/debug/incremental/titane_infinity-0bvv7u2js6lc5/s-hev0bekro7-1os4hqc-working/metadata.rmeta
110757587	src-tauri/target/debug/incremental/titane_infinity-0bvv7u2js6lc5/s-hetl8rfkv5-17vxdkw-1y7afym4goric9ylpey5aot2j/metadata.rmeta
110757587	src-tauri/target/debug/deps/libtitane_infinity-60ef359f2a5ff537.rmeta
110757517	src-tauri/target/debug/incremental/titane_infinity-3ltwml82n8951/s-heq8on0402-0uj708a-8495w88tl9ggtt9uhdsgz69u8/metadata.rmeta
110757517	src-tauri/target/debug/deps/libtitane_infinity-8bcc81fec6e7f51f.rmeta
110757469	src-tauri/target/debug/incremental/titane_infinity-1nfh5hjhgmslm/s-heqa6kddof-03ybsc9-cipadk57y0w588jqznzh5nscl/metadata.rmeta
110757469	src-tauri/target/debug/deps/libtitane_infinity-15650149c4ca9bc9.rmeta
110757420	src-tauri/target/debug/incremental/titane_infinity-298c3vm2piqss/s-heq7xrbxn8-0j5455v-0v4ishox1ho4endw1d57u9veq/metadata.rmeta
110757420	src-tauri/target/debug/deps/libtitane_infinity-595540ac89712fb9.rmeta
110752023	src-tauri/target/debug/incremental/titane_infinity-3uljjo0ysib5e/s-heq722yx1g-1xjbe41-working/metadata.rmeta
110752023	src-tauri/target/debug/incremental/titane_infinity-3uljjo0ysib5e/s-heq6zgl1hf-11z9j4k-bibyg1liodfw27wwzexchh1h2/metadata.rmeta
110752023	src-tauri/target/debug/deps/libtitane_infinity-278131b8e9453993.rmeta
110750122	src-tauri/target/debug/incremental/titane_infinity-0ku3kj3o9dpwi/s-heq6hqpcy7-1yq2g6z-72kl83aa9ayuj97qk8vy3vm20/metadata.rmeta
110750122	src-tauri/target/debug/deps/libtitane_infinity-b0c0cfa6014aec5d.rmeta
107879066	src-tauri/target/release/incremental/titane_infinity-17wd7tz1z300k/s-hevvpc9wn8-04oqzny-f3gs732sf5goc25bkgs4w17l1/metadata.rmeta
107879066	src-tauri/target/release/deps/libtitane_infinity-851e46b4dff68165.rmeta
107762552	src-tauri/target/release/incremental/titane_infinity-2grhajoxa1ji7/s-hesbtfyozr-10qv4vn-28lubmaj7uvtaoqrua38pi5t8/metadata.rmeta
107762552	src-tauri/target/release/deps/libtitane_infinity-3dab6094ad8c3283.rmeta
98228899	TITANE_INFINITY-main.zip
97656584	.tools/node/_extract/node-v20.19.6-linux-x64/bin/node
90751800	src-tauri/target/release/bundle/appimage/Titan-Stable.AppDir/usr/lib/libwebkit2gtk-4.1.so.0
86079992	src-tauri/target/release/bundle/appimage/Titan-Stable_26.3.0_amd64.AppImage
86079992	runtime/stable/Titan-Stable_26.3.0_amd64.AppImage
86079992	deployment/latest/TITANE-Infinity_26.3.0_amd64.AppImage
74071352	src-tauri/target/debug/deps/omega_p2_performance_test-b5bc520869d3317e
74060856	src-tauri/target/debug/deps/omega_p2_performance_test-853c4ef1493227d3
74042344	src-tauri/target/debug/deps/omega_p2_performance_test-2ebf2d3652844577
74000654	src-tauri/target/debug/incremental/titane_infinity-2pfhdp1ob804m/s-heq6cq8r1d-1u271b9-8zue9sof8qrbdb9ha19httjqz/dep-graph.bin
73930703	src-tauri/target/debug/incremental/titane_infinity-1ail2oi63mw7f/s-hevxzd2cf8-06doqdl-44uzss8tg48ikijgddljdaii9/query-cache.bin
73924352	src-tauri/target/debug/deps/omega_p2_performance_test-ca72d8efb52b1e57
73923792	src-tauri/target/debug/deps/omega_p2_performance_test-b626f98736c73efc
73913176	src-tauri/target/debug/deps/omega_p2_performance_test-7a1861c5879bd42b
73883504	src-tauri/target/debug/deps/omega_p2_performance_test-34b6a52fe432a06d
72859717	src-tauri/target/debug/incremental/titane_infinity-0vh94srcya0c3/s-hevnwsz7a4-1lu6rdl-eayuto6nxrb6nhh1pqj0j14u8/query-cache.bin
72184846	src-tauri/target/debug/incremental/titane_infinity-006vkm2ajalfd/s-heq7z5r14p-1u9312y-67ulb1aaonq5ckr6mxz2b55as/query-cache.bin
72184497	src-tauri/target/debug/incremental/titane_infinity-0nbh66hito1b8/s-heq6itm6d1-05321ow-0y0ujeafpkd3uxkl2q0foyz6t/query-cache.bin
71575634	src-tauri/target/debug/deps/libgtk-1cd9d42c0709acc4.rlib
71564064	src-tauri/target/debug/deps/libgtk-ad8b3749febdccab.rlib
70157780	src-tauri/target/debug/incremental/titane_infinity-18rgt77wepynm/s-hetl92wzye-0y3sln2-1tn4w65eobuyzs0psty2gwv77/query-cache.bin
69038923	src-tauri/target/debug/incremental/titane_infinity-0oj7hepwihuce/s-heur3kv2g8-09a9ep2-563hedubphp2ijn3umfixoj14/query-cache.bin
69021410	src-tauri/target/debug/incremental/titane_infinity-1217mffjxvot1/s-hevvjifse3-1jtida2-ecrot8cozv36o152bdkjfmcb1/query-cache.bin
68463936	src-tauri/target/debug/deps/secure_engine_tests-87df6507639f35ed
68463448	src-tauri/target/debug/deps/secure_engine_tests-ea3e5525fbbdc974
68452800	src-tauri/target/debug/deps/secure_engine_tests-8e96e1a0b618a595
68448936	src-tauri/target/debug/deps/secure_engine_tests-ec2c79771cda13f7
68428098	src-tauri/target/debug/incremental/titane_infinity-0unkmdh9rolmv/s-heqa6t562u-1jis7ov-33kijq30pj03b8vaa0hw3dgl7/query-cache.bin
68372432	src-tauri/target/debug/deps/secure_engine_tests-03602f8497180ef4
68368848	src-tauri/target/debug/deps/secure_engine_tests-6f22d846e110337f
68364153	src-tauri/target/debug/incremental/titane_infinity-2idtcw5k6q2m3/s-heq6zswu70-039gtc8-8n8f4s2hh1kn7r79n7s7lm9n5/query-cache.bin
68362712	src-tauri/target/debug/incremental/titane_infinity-1k6ur4qqjx2ok/s-heq8oygk1r-0prfmdw-6v1218l0b1vp5bnfyqxy5xyns/query-cache.bin
68343432	src-tauri/target/debug/deps/secure_engine_tests-89466592d31d7b7a
68299685	src-tauri/target/debug/incremental/titane_infinity-3ioyto4bekbkt/s-hevxzi5l32-0cwh4wl-5zr1rnes175relgzu5k3623zm/query-cache.bin
67936736	src-tauri/target/debug/deps/intelligent_cache_test-9b196a88ff342a29
67926176	src-tauri/target/debug/deps/intelligent_cache_test-f6b24c25d2a41704
67907680	src-tauri/target/debug/deps/intelligent_cache_test-118dae21007c27f8
67842376	src-tauri/target/debug/deps/cycle_engine_tests-be73f644557cf4ca
67831912	src-tauri/target/debug/deps/cycle_engine_tests-a0e80f1862151d9a
67813392	src-tauri/target/debug/deps/cycle_engine_tests-0c0d2ae344590869
67807568	src-tauri/target/debug/deps/unified_memory_tests-b1a4a3c41b60a4f3
67797056	src-tauri/target/debug/deps/unified_memory_tests-09f5419117b66d19
67789688	src-tauri/target/debug/deps/intelligent_cache_test-35de35893b399600
67789136	src-tauri/target/debug/deps/intelligent_cache_test-2517a7771594921e
67782472	src-tauri/target/debug/deps/intelligent_cache_test-c84ed183a137ad50
67778528	src-tauri/target/debug/deps/unified_memory_tests-83d849ba5f61faa0
67778528	src-tauri/target/debug/deps/intelligent_cache_test-cdcf12ebc524af8b
67695392	src-tauri/target/debug/deps/cycle_engine_tests-afa39f113b6ce4ff
67694872	src-tauri/target/debug/deps/cycle_engine_tests-7be91caad5fb9656
67691144	src-tauri/target/debug/deps/cycle_engine_tests-b95a64f838ee4884
67684248	src-tauri/target/debug/deps/cycle_engine_tests-b7478737a36623a4
67660488	src-tauri/target/debug/deps/unified_memory_tests-c30c835de4ddc92a
67660048	src-tauri/target/debug/deps/unified_memory_tests-f00585cd2c84a8d3
67653136	src-tauri/target/debug/deps/unified_memory_tests-48c29b04b1a706c8
67649408	src-tauri/target/debug/deps/unified_memory_tests-415b273b278ac57f
67609848	src-tauri/target/debug/deps/ipc_cache_test-abb2d8f7c3df5bc3
67599352	src-tauri/target/debug/deps/ipc_cache_test-a68cf5cb943cf85b
67580832	src-tauri/target/debug/deps/ipc_cache_test-efa068dc9f058f9c
67560106	src-tauri/target/debug/incremental/titane_infinity-11qgpacpgzj8e/s-heq7yzm6p5-00keit5-8iwbb6xfwva42zbehyoit8cul/query-cache.bin
67533504	src-tauri/target/debug/deps/kernel_integration_tests-2cc8cf2d9aac72e9
67523008	src-tauri/target/debug/deps/kernel_integration_tests-1897e50a2750f649
67504504	src-tauri/target/debug/deps/kernel_integration_tests-fdab512f2800c504
67465332	src-tauri/target/debug/incremental/titane_infinity-1y2e4pvd0ll3d/s-heq6c0ecz4-0cw6q6v-7hbll799avvtl8wa3sn4d6h8e/metadata.rmeta
67465332	src-tauri/target/debug/deps/libtitane_infinity-d4ae9ce1dcf0927e.rmeta
67462816	src-tauri/target/debug/deps/ipc_cache_test-ee800f85c3ccedc5
67462312	src-tauri/target/debug/deps/ipc_cache_test-42ee4d4644522584
67455072	src-tauri/target/debug/deps/ipc_cache_test-a5da369196c504ae
67451664	src-tauri/target/debug/deps/ipc_cache_test-e85ec0db2092a2c2
67386472	src-tauri/target/debug/deps/kernel_integration_tests-4ca3f4b8933bb8d7
67385984	src-tauri/target/debug/deps/kernel_integration_tests-3b81402bfc787973
67380752	src-tauri/target/debug/deps/kernel_integration_tests-d576787144a5e112
67375360	src-tauri/target/debug/deps/kernel_integration_tests-34f41cb0c5dd5557
67338744	src-tauri/target/debug/deps/security_tests-81d198a5393f8d23
67323784	src-tauri/target/debug/deps/security_tests-6ceb8bfb8a5939f9
67309712	src-tauri/target/debug/deps/security_tests-cc4afe74c8075959
67212080	src-tauri/target/debug/deps/concurrent_access_test-1e2deea3ce5647c8
67201576	src-tauri/target/debug/deps/concurrent_access_test-2c756bab9149b429
67191656	src-tauri/target/debug/deps/security_tests-665b6463bad70d37
67191136	src-tauri/target/debug/deps/security_tests-4f2f38b4dd9afedb
67183056	src-tauri/target/debug/deps/concurrent_access_test-0a4f339e8060cfdc
67180552	src-tauri/target/debug/deps/security_tests-216c2e768118be77
67179048	src-tauri/target/debug/deps/security_tests-7c1c0d49a34bcda2
67105680	src-tauri/target/debug/deps/agent_ia_workflow_test-128a20b9e267cd6a
67095176	src-tauri/target/debug/deps/agent_ia_workflow_test-cf42395d166cb84f
67076648	src-tauri/target/debug/deps/agent_ia_workflow_test-be03997208b666b8
67065048	src-tauri/target/debug/deps/concurrent_access_test-25cf69bd7d257ca7
67064552	src-tauri/target/debug/deps/concurrent_access_test-97b916ca70805f7b
67055920	src-tauri/target/debug/deps/concurrent_access_test-389dac6840543cd0
67053904	src-tauri/target/debug/deps/concurrent_access_test-a370dbf510ed8f2a
67029568	src-tauri/target/debug/deps/singularity_integration_test-ad3e79c74f66379a
67019024	src-tauri/target/debug/deps/singularity_integration_test-e104a281e5c596c9
67000632	src-tauri/target/debug/deps/singularity_integration_test-b0a2a3de3621f597
66958648	src-tauri/target/debug/deps/agent_ia_workflow_test-c2f048186c29c505
66958144	src-tauri/target/debug/deps/agent_ia_workflow_test-6774fbd9a58153a3
66947488	src-tauri/target/debug/deps/agent_ia_workflow_test-f6c22e989931bc7e
66945992	src-tauri/target/debug/deps/agent_ia_workflow_test-82cdbbf6d04478e1
66882552	src-tauri/target/debug/deps/singularity_integration_test-cb7977887cfaa880
66882032	src-tauri/target/debug/deps/singularity_integration_test-99d3d0fcbeeac839
66877880	src-tauri/target/debug/deps/singularity_integration_test-a5f421b2f2d098fd
66871424	src-tauri/target/debug/deps/singularity_integration_test-36d13d830647c937
66818416	src-tauri/target/debug/deps/fallback_chain_test-7f41be6898bc2a9a
66807888	src-tauri/target/debug/deps/fallback_chain_test-664a922c9dbbadf8
66789376	src-tauri/target/debug/deps/fallback_chain_test-651150489dfc7a02
66769784	src-tauri/target/debug/deps/metrics_stress_test-ccdabc5fa4880e1d
66759280	src-tauri/target/debug/deps/metrics_stress_test-e804720c88cde230
66740768	src-tauri/target/debug/deps/metrics_stress_test-0b3954894282539f
66671360	src-tauri/target/debug/deps/fallback_chain_test-2998f642642bb15c
66670864	src-tauri/target/debug/deps/fallback_chain_test-89fe257765552769
66660224	src-tauri/target/debug/deps/fallback_chain_test-ed2b778c2558ef71
66659304	src-tauri/target/debug/deps/fallback_chain_test-442707a2c4096aae
66622760	src-tauri/target/debug/deps/metrics_stress_test-d93c1df7171f8f95
66622272	src-tauri/target/debug/deps/metrics_stress_test-36cd6a4fda6f0cbc
66613600	src-tauri/target/debug/deps/metrics_stress_test-3c4917ab6d15311e
66611616	src-tauri/target/debug/deps/metrics_stress_test-ccf022161c2669e6
65395987	src-tauri/target/debug/incremental/titane_infinity-34f99q1uonu2p/s-heur3kv33m-1bejh7h-bb1o397g9fnzin3fuxa0nlczi/query-cache.bin
65373940	src-tauri/target/debug/incremental/titane_infinity-16wi8byjo4e34/s-hevvjhcfrd-1psl6ex-11yqov7udctly7kai4qe4doa0/query-cache.bin
65155224	src-tauri/target/debug/deps/permission_enforcement_test-cd5f2ae43d94ee1e
65144728	src-tauri/target/debug/deps/permission_enforcement_test-d9a3bc3a5cd202d6
65126224	src-tauri/target/debug/deps/permission_enforcement_test-e6343df79e693ca7
65008184	src-tauri/target/debug/deps/permission_enforcement_test-13b0bf3e325c7070
65007704	src-tauri/target/debug/deps/permission_enforcement_test-0ee303b3f9c11a17
65002960	src-tauri/target/debug/deps/permission_enforcement_test-93749078cdef9dfc
64997064	src-tauri/target/debug/deps/permission_enforcement_test-e7fb90f53c070990
64885538	src-tauri/target/debug/incremental/titane_infinity-0dz5lnk0g3ffx/s-heq6zr6x9i-0erqjz1-7ran62rgpaxpnxyc4c2syyzzp/query-cache.bin
64883247	src-tauri/target/debug/incremental/titane_infinity-38c991ggsee59/s-heq8oxv898-09gxtj3-agb06lvt11cso8r551i0bnpjl/query-cache.bin
64874001	src-tauri/target/debug/incremental/titane_infinity-1no2cwm0d2vrs/s-heqa6sk197-13333no-4h947augul4nhnf8x1aosyko9/query-cache.bin
48880030	src-tauri/target/release/deps/libgtk-e80b374fe68bb6a3.rlib
47159128	src-tauri/target/debug/deps/libhnsw_rs-4acc70ff3222143d.rlib
47157750	src-tauri/target/debug/deps/libhnsw_rs-005cdfd77151dfc0.rlib
42388966	src-tauri/target/debug/deps/libmoxcms-d050df17eadedec6.rlib
42332236	src-tauri/target/debug/deps/libgio-0dc08f73d25afec4.rlib
42252766	src-tauri/target/debug/deps/libravif-90d50e082dfc32ef.rlib
41956008	src-tauri/target/release/incremental/titane_infinity-29z56tu0j08vt/s-hevvpobx49-0gqpe12-cd0jg5puu6sbr02n4rrsrjr59/panic_abort-30f7d7b18654a7fe.panic_abort.f351216e9b79a0a7-cgu.0.rcgu.o.o
41753768	src-tauri/target/release/incremental/titane_infinity-1hx6t1v7y1sqn/s-hesc4hdpb1-157lzpv-4nl3mdqmxad6eza4itlaeixco/panic_abort-30f7d7b18654a7fe.panic_abort.f351216e9b79a0a7-cgu.0.rcgu.o.o
40132604	src-tauri/target/debug/incremental/titane_infinity-2pfhdp1ob804m/s-heq6cq8r1d-1u271b9-8zue9sof8qrbdb9ha19httjqz/query-cache.bin
39923204	src-tauri/target/release/deps/libgtk-e80b374fe68bb6a3.rmeta
38411710	src-tauri/target/debug/deps/libimage-1a518c4a4febfd4c.rlib
36965568	src-tauri/target/release/incremental/titane_infinity-29z56tu0j08vt/s-hevvpobx49-0gqpe12-cd0jg5puu6sbr02n4rrsrjr59/6p9rgarsupztzd66hijh8u3mr.pre-lto.bc
36661476	src-tauri/target/release/incremental/titane_infinity-1hx6t1v7y1sqn/s-hesc4hdpb1-157lzpv-4nl3mdqmxad6eza4itlaeixco/6wjlo170ffkp99f5gygaqe2l6.pre-lto.bc
36497368	src-tauri/target/debug/deps/libtauri_utils-3b59849351b21f58.rlib
36496648	src-tauri/target/debug/deps/libtauri_utils-686864c2e1bcecde.rlib
36495746	src-tauri/target/debug/deps/libtauri_utils-3568a3b473261035.rlib
35901648	src-tauri/target/release/deps/libtauri_utils-c85c8de27020a53e.rlib
35895280	src-tauri/target/debug/deps/libtauri_macros-5f55ca7d4d938e05.so
35845032	src-tauri/target/debug/deps/libtauri_macros-e9e0bcd05aae0ebe.so
35845016	src-tauri/target/debug/deps/libtauri_macros-88feeb3514a6c99e.so
35584400	src-tauri/target/debug/deps/libtauri_utils-7b734aa0160def71.rlib
35562482	src-tauri/target/debug/deps/libtauri_utils-161dfd1f8d6b56f6.rlib
32909014	src-tauri/target/debug/deps/libgtk-ad8b3749febdccab.rmeta
32909014	src-tauri/target/debug/deps/libgtk-1cd9d42c0709acc4.rmeta
32138568	src-tauri/target/release/bundle/appimage/Titan-Stable.AppDir/usr/lib/libjavascriptcoregtk-4.1.so.0
31333416	src-tauri/target/debug/deps/libtauri-7998101764fbbca8.rlib
31236478	src-tauri/target/debug/deps/libtauri-236a0ff75d05916a.rlib
31209112	src-tauri/target/debug/deps/libtauri-e06b9a929b4cda01.rlib
30798984	src-tauri/target/release/bundle/appimage/Titan-Stable.AppDir/usr/lib/libicudata.so.74
28604038	src-tauri/target/debug/deps/libreqwest-d81da3b1ddbf5dd8.rlib
28137936	src-tauri/target/debug/deps/libtauri_macros-1727dfef58a4d9bf.so
27773688	src-tauri/target/debug/build/titane-infinity-3fefe3516207b57d/build_script_build-3fefe3516207b57d
27773688	src-tauri/target/debug/build/titane-infinity-3fefe3516207b57d/build-script-build
27708344	src-tauri/target/debug/build/titane-infinity-edb1764ecfcb8fdf/build_script_build-edb1764ecfcb8fdf
27708344	src-tauri/target/debug/build/titane-infinity-edb1764ecfcb8fdf/build-script-build
27708344	src-tauri/target/debug/build/titane-infinity-a8e45be2dde1585e/build_script_build-a8e45be2dde1585e
27708344	src-tauri/target/debug/build/titane-infinity-a8e45be2dde1585e/build-script-build
27708344	src-tauri/target/debug/build/titane-infinity-6cd7677562a3a79f/build_script_build-6cd7677562a3a79f
27708344	src-tauri/target/debug/build/titane-infinity-6cd7677562a3a79f/build-script-build
27708344	src-tauri/target/debug/build/titane-infinity-48f4b70c41a2916f/build_script_build-48f4b70c41a2916f
