]633;E;{   echo -e "surface_path\\tcategory\\tpresence\\treachability\\tinteraction\\twiring\\tproof_level\\ttest_priority"\x3b   while IFS= read -r p\x3b do echo -e "$p\\tpage\\tFOUND\\tUNKNOWN\\tUNKNOWN\\tUNKNOWN\\tPRESENT_BUT_UNPROVEN\\tEXTENDED"\x3b done < "$RAW/files_src_pages.txt"\x3b   while IFS= read -r p\x3b do echo -e "$p\\tcomponent\\tFOUND\\tUNKNOWN\\tUNKNOWN\\tUNKNOWN\\tPRESENT_BUT_UNPROVEN\\tEXTENDED"\x3b done < "$RAW/files_src_components.txt"\x3b   while IFS= read -r p\x3b do echo -e "$p\\tfeature\\tFOUND\\tUNKNOWN\\tUNKNOWN\\tUNKNOWN\\tPRESENT_BUT_UNPROVEN\\tEXTENDED"\x3b done < "$RAW/files_src_features.txt"\x3b } > "$RAW/UI_SURFACE_MAP.tsv";7084838b-a2ef-4d2a-a3ae-24a2fdc603e6]633;Csurface_path	category	presence	reachability	interaction	wiring	proof_level	test_priority
src/pages/CameraPage.tsx	page	FOUND	UNKNOWN	UNKNOWN	UNKNOWN	PRESENT_BUT_UNPROVEN	EXTENDED
src/pages/TimeNavigator.tsx	page	FOUND	UNKNOWN	UNKNOWN	UNKNOWN	PRESENT_BUT_UNPROVEN	EXTENDED
src/pages/AdaptiveEngine.tsx	page	FOUND	UNKNOWN	UNKNOWN	UNKNOWN	PRESENT_BUT_UNPROVEN	EXTENDED
src/pages/CognitivePage.tsx	page	FOUND	UNKNOWN	UNKNOWN	UNKNOWN	PRESENT_BUT_UNPROVEN	EXTENDED
src/pages/DevPage.css	page	FOUND	UNKNOWN	UNKNOWN	UNKNOWN	PRESENT_BUT_UNPROVEN	EXTENDED
src/pages/SelfHeal.tsx	page	FOUND	UNKNOWN	UNKNOWN	UNKNOWN	PRESENT_BUT_UNPROVEN	EXTENDED
src/pages/TimeNavigator.css	page	FOUND	UNKNOWN	UNKNOWN	UNKNOWN	PRESENT_BUT_UNPROVEN	EXTENDED
src/pages/TitanePage.css	page	FOUND	UNKNOWN	UNKNOWN	UNKNOWN	PRESENT_BUT_UNPROVEN	EXTENDED
src/pages/index.ts	page	FOUND	UNKNOWN	UNKNOWN	UNKNOWN	PRESENT_BUT_UNPROVEN	EXTENDED
src/pages/EvoPage.tsx	page	FOUND	UNKNOWN	UNKNOWN	UNKNOWN	PRESENT_BUT_UNPROVEN	EXTENDED
src/pages/OrchestrationMetaCenter.css	page	FOUND	UNKNOWN	UNKNOWN	UNKNOWN	PRESENT_BUT_UNPROVEN	EXTENDED
src/pages/ChatPage.tsx	page	FOUND	UNKNOWN	UNKNOWN	UNKNOWN	PRESENT_BUT_UNPROVEN	EXTENDED
src/pages/DevTools.tsx	page	FOUND	UNKNOWN	UNKNOWN	UNKNOWN	PRESENT_BUT_UNPROVEN	EXTENDED
src/pages/TitanePage.tsx	page	FOUND	UNKNOWN	UNKNOWN	UNKNOWN	PRESENT_BUT_UNPROVEN	EXTENDED
src/pages/AgendaPage.css	page	FOUND	UNKNOWN	UNKNOWN	UNKNOWN	PRESENT_BUT_UNPROVEN	EXTENDED
src/pages/EvolutionCenterPage.tsx	page	FOUND	UNKNOWN	UNKNOWN	UNKNOWN	PRESENT_BUT_UNPROVEN	EXTENDED
src/pages/PerformanceTest.tsx	page	FOUND	UNKNOWN	UNKNOWN	UNKNOWN	PRESENT_BUT_UNPROVEN	EXTENDED
src/pages/Settings.tsx	page	FOUND	UNKNOWN	UNKNOWN	UNKNOWN	PRESENT_BUT_UNPROVEN	EXTENDED
src/pages/AgendaPage.tsx	page	FOUND	UNKNOWN	UNKNOWN	UNKNOWN	PRESENT_BUT_UNPROVEN	EXTENDED
src/pages/DesignSystemShowcase.tsx	page	FOUND	UNKNOWN	UNKNOWN	UNKNOWN	PRESENT_BUT_UNPROVEN	EXTENDED
src/pages/DashboardPage.tsx	page	FOUND	UNKNOWN	UNKNOWN	UNKNOWN	PRESENT_BUT_UNPROVEN	EXTENDED
src/pages/ConfigurationHub.tsx	page	FOUND	UNKNOWN	UNKNOWN	UNKNOWN	PRESENT_BUT_UNPROVEN	EXTENDED
src/pages/TimePage.css	page	FOUND	UNKNOWN	UNKNOWN	UNKNOWN	PRESENT_BUT_UNPROVEN	EXTENDED
src/pages/SecureSettings.tsx	page	FOUND	UNKNOWN	UNKNOWN	UNKNOWN	PRESENT_BUT_UNPROVEN	EXTENDED
src/pages/DevPage.tsx	page	FOUND	UNKNOWN	UNKNOWN	UNKNOWN	PRESENT_BUT_UNPROVEN	EXTENDED
src/pages/DevToolsTabs.tsx	page	FOUND	UNKNOWN	UNKNOWN	UNKNOWN	PRESENT_BUT_UNPROVEN	EXTENDED
src/pages/ModulePages.css	page	FOUND	UNKNOWN	UNKNOWN	UNKNOWN	PRESENT_BUT_UNPROVEN	EXTENDED
src/pages/DesignSystemPage.css	page	FOUND	UNKNOWN	UNKNOWN	UNKNOWN	PRESENT_BUT_UNPROVEN	EXTENDED
src/pages/TimePage.tsx	page	FOUND	UNKNOWN	UNKNOWN	UNKNOWN	PRESENT_BUT_UNPROVEN	EXTENDED
src/pages/MonitoringDashboard.tsx	page	FOUND	UNKNOWN	UNKNOWN	UNKNOWN	PRESENT_BUT_UNPROVEN	EXTENDED
src/pages/Watchdog.tsx	page	FOUND	UNKNOWN	UNKNOWN	UNKNOWN	PRESENT_BUT_UNPROVEN	EXTENDED
src/pages/Nexus.tsx	page	FOUND	UNKNOWN	UNKNOWN	UNKNOWN	PRESENT_BUT_UNPROVEN	EXTENDED
src/pages/ResearchPage.tsx	page	FOUND	UNKNOWN	UNKNOWN	UNKNOWN	PRESENT_BUT_UNPROVEN	EXTENDED
src/pages/Helios.tsx	page	FOUND	UNKNOWN	UNKNOWN	UNKNOWN	PRESENT_BUT_UNPROVEN	EXTENDED
src/pages/TitanePage-local.css	page	FOUND	UNKNOWN	UNKNOWN	UNKNOWN	PRESENT_BUT_UNPROVEN	EXTENDED
src/pages/DevToolsLazy.tsx	page	FOUND	UNKNOWN	UNKNOWN	UNKNOWN	PRESENT_BUT_UNPROVEN	EXTENDED
src/pages/tabs/DeveloperTools/SystemTab.tsx	page	FOUND	UNKNOWN	UNKNOWN	UNKNOWN	PRESENT_BUT_UNPROVEN	EXTENDED
src/pages/tabs/DeveloperTools/PerformanceTab.tsx	page	FOUND	UNKNOWN	UNKNOWN	UNKNOWN	PRESENT_BUT_UNPROVEN	EXTENDED
src/pages/tabs/DeveloperTools/LogsTab.tsx	page	FOUND	UNKNOWN	UNKNOWN	UNKNOWN	PRESENT_BUT_UNPROVEN	EXTENDED
src/pages/tabs/DeveloperTools/DiagnosticTab.tsx	page	FOUND	UNKNOWN	UNKNOWN	UNKNOWN	PRESENT_BUT_UNPROVEN	EXTENDED
src/pages/tabs/DevTools/SystemTab.tsx	page	FOUND	UNKNOWN	UNKNOWN	UNKNOWN	PRESENT_BUT_UNPROVEN	EXTENDED
src/pages/tabs/DevTools/PerformanceTab.tsx	page	FOUND	UNKNOWN	UNKNOWN	UNKNOWN	PRESENT_BUT_UNPROVEN	EXTENDED
src/pages/tabs/DevTools/LogsTab.tsx	page	FOUND	UNKNOWN	UNKNOWN	UNKNOWN	PRESENT_BUT_UNPROVEN	EXTENDED
src/pages/tabs/DevTools/DiagnosticTab.tsx	page	FOUND	UNKNOWN	UNKNOWN	UNKNOWN	PRESENT_BUT_UNPROVEN	EXTENDED
src/pages/OrchestrationMetaCenter.tsx	page	FOUND	UNKNOWN	UNKNOWN	UNKNOWN	PRESENT_BUT_UNPROVEN	EXTENDED
src/pages/Harmonia.tsx	page	FOUND	UNKNOWN	UNKNOWN	UNKNOWN	PRESENT_BUT_UNPROVEN	EXTENDED
src/pages/Sentinel.tsx	page	FOUND	UNKNOWN	UNKNOWN	UNKNOWN	PRESENT_BUT_UNPROVEN	EXTENDED
src/pages/Experience.tsx	page	FOUND	UNKNOWN	UNKNOWN	UNKNOWN	PRESENT_BUT_UNPROVEN	EXTENDED
src/pages/Memory.tsx	page	FOUND	UNKNOWN	UNKNOWN	UNKNOWN	PRESENT_BUT_UNPROVEN	EXTENDED
src/pages/SystemGovernance.css	page	FOUND	UNKNOWN	UNKNOWN	UNKNOWN	PRESENT_BUT_UNPROVEN	EXTENDED
src/pages/styles.css	page	FOUND	UNKNOWN	UNKNOWN	UNKNOWN	PRESENT_BUT_UNPROVEN	EXTENDED
src/pages/Stats.tsx	page	FOUND	UNKNOWN	UNKNOWN	UNKNOWN	PRESENT_BUT_UNPROVEN	EXTENDED
src/pages/CloudCenter/index.tsx	page	FOUND	UNKNOWN	UNKNOWN	UNKNOWN	PRESENT_BUT_UNPROVEN	EXTENDED
src/pages/CloudCenter/DevicesView.tsx	page	FOUND	UNKNOWN	UNKNOWN	UNKNOWN	PRESENT_BUT_UNPROVEN	EXTENDED
src/pages/CloudCenter/VaultStatus.tsx	page	FOUND	UNKNOWN	UNKNOWN	UNKNOWN	PRESENT_BUT_UNPROVEN	EXTENDED
src/pages/CloudCenter/types.ts	page	FOUND	UNKNOWN	UNKNOWN	UNKNOWN	PRESENT_BUT_UNPROVEN	EXTENDED
src/pages/CloudCenter/SyncLogs.tsx	page	FOUND	UNKNOWN	UNKNOWN	UNKNOWN	PRESENT_BUT_UNPROVEN	EXTENDED
src/pages/CloudCenter/CloudCenter.css	page	FOUND	UNKNOWN	UNKNOWN	UNKNOWN	PRESENT_BUT_UNPROVEN	EXTENDED
src/pages/CloudCenter/SyncConfig.tsx	page	FOUND	UNKNOWN	UNKNOWN	UNKNOWN	PRESENT_BUT_UNPROVEN	EXTENDED
src/pages/DesignSystemPage.tsx	page	FOUND	UNKNOWN	UNKNOWN	UNKNOWN	PRESENT_BUT_UNPROVEN	EXTENDED
src/pages/CameraPage.css	page	FOUND	UNKNOWN	UNKNOWN	UNKNOWN	PRESENT_BUT_UNPROVEN	EXTENDED
src/pages/ProgressionPage.tsx	page	FOUND	UNKNOWN	UNKNOWN	UNKNOWN	PRESENT_BUT_UNPROVEN	EXTENDED
src/components/visualization/index.ts	component	FOUND	UNKNOWN	UNKNOWN	UNKNOWN	PRESENT_BUT_UNPROVEN	EXTENDED
src/components/visualization/SingularityFieldCanvas.tsx	component	FOUND	UNKNOWN	UNKNOWN	UNKNOWN	PRESENT_BUT_UNPROVEN	EXTENDED
src/components/__tests__/evolutionEngine.test.ts	component	FOUND	UNKNOWN	UNKNOWN	UNKNOWN	PRESENT_BUT_UNPROVEN	EXTENDED
src/components/VocalDevConsole.tsx	component	FOUND	UNKNOWN	UNKNOWN	UNKNOWN	PRESENT_BUT_UNPROVEN	EXTENDED
src/components/ModuleCard.tsx	component	FOUND	UNKNOWN	UNKNOWN	UNKNOWN	PRESENT_BUT_UNPROVEN	EXTENDED
src/components/RealityCenter/RealityCenter.css	component	FOUND	UNKNOWN	UNKNOWN	UNKNOWN	PRESENT_BUT_UNPROVEN	EXTENDED
src/components/RealityCenter/RealityCenter.tsx	component	FOUND	UNKNOWN	UNKNOWN	UNKNOWN	PRESENT_BUT_UNPROVEN	EXTENDED
src/components/Message.tsx	component	FOUND	UNKNOWN	UNKNOWN	UNKNOWN	PRESENT_BUT_UNPROVEN	EXTENDED
src/components/VocalDevConsole.css	component	FOUND	UNKNOWN	UNKNOWN	UNKNOWN	PRESENT_BUT_UNPROVEN	EXTENDED
src/components/ChatWindow.css	component	FOUND	UNKNOWN	UNKNOWN	UNKNOWN	PRESENT_BUT_UNPROVEN	EXTENDED
src/components/config/ConfigSection.tsx	component	FOUND	UNKNOWN	UNKNOWN	UNKNOWN	PRESENT_BUT_UNPROVEN	EXTENDED
src/components/config/ConfigField.tsx	component	FOUND	UNKNOWN	UNKNOWN	UNKNOWN	PRESENT_BUT_UNPROVEN	EXTENDED
src/components/config/index.ts	component	FOUND	UNKNOWN	UNKNOWN	UNKNOWN	PRESENT_BUT_UNPROVEN	EXTENDED
src/components/config/ConfigFieldEditable.tsx	component	FOUND	UNKNOWN	UNKNOWN	UNKNOWN	PRESENT_BUT_UNPROVEN	EXTENDED
src/components/VoiceConversation.tsx	component	FOUND	UNKNOWN	UNKNOWN	UNKNOWN	PRESENT_BUT_UNPROVEN	EXTENDED
src/components/security/__tests__/SecurityPanel.test.tsx	component	FOUND	UNKNOWN	UNKNOWN	UNKNOWN	PRESENT_BUT_UNPROVEN	EXTENDED
src/components/security/AddAPIKeyModal.css	component	FOUND	UNKNOWN	UNKNOWN	UNKNOWN	PRESENT_BUT_UNPROVEN	EXTENDED
src/components/security/SecurityPanel.tsx	component	FOUND	UNKNOWN	UNKNOWN	UNKNOWN	PRESENT_BUT_UNPROVEN	EXTENDED
src/components/security/index.ts	component	FOUND	UNKNOWN	UNKNOWN	UNKNOWN	PRESENT_BUT_UNPROVEN	EXTENDED
src/components/security/SecurityPanel.css	component	FOUND	UNKNOWN	UNKNOWN	UNKNOWN	PRESENT_BUT_UNPROVEN	EXTENDED
src/components/security/AddAPIKeyModal.tsx	component	FOUND	UNKNOWN	UNKNOWN	UNKNOWN	PRESENT_BUT_UNPROVEN	EXTENDED
src/components/ChatErrorBoundary.tsx	component	FOUND	UNKNOWN	UNKNOWN	UNKNOWN	PRESENT_BUT_UNPROVEN	EXTENDED
src/components/QuantumCenter/QuantumCenter.css	component	FOUND	UNKNOWN	UNKNOWN	UNKNOWN	PRESENT_BUT_UNPROVEN	EXTENDED
src/components/QuantumCenter/QuantumCenter.tsx	component	FOUND	UNKNOWN	UNKNOWN	UNKNOWN	PRESENT_BUT_UNPROVEN	EXTENDED
src/components/LanguageSwitcher.tsx	component	FOUND	UNKNOWN	UNKNOWN	UNKNOWN	PRESENT_BUT_UNPROVEN	EXTENDED
src/components/voice/VoiceControlPanelWithWakeWord.tsx	component	FOUND	UNKNOWN	UNKNOWN	UNKNOWN	PRESENT_BUT_UNPROVEN	EXTENDED
src/components/voice/WakeWordIndicator.tsx	component	FOUND	UNKNOWN	UNKNOWN	UNKNOWN	PRESENT_BUT_UNPROVEN	EXTENDED
src/components/ui/Toast.tsx	component	FOUND	UNKNOWN	UNKNOWN	UNKNOWN	PRESENT_BUT_UNPROVEN	EXTENDED
src/components/ui/icon-button.tsx	component	FOUND	UNKNOWN	UNKNOWN	UNKNOWN	PRESENT_BUT_UNPROVEN	EXTENDED
src/components/ui/dialog.tsx	component	FOUND	UNKNOWN	UNKNOWN	UNKNOWN	PRESENT_BUT_UNPROVEN	EXTENDED
src/components/ui/ToastContainer.tsx	component	FOUND	UNKNOWN	UNKNOWN	UNKNOWN	PRESENT_BUT_UNPROVEN	EXTENDED
src/components/ui/textarea.tsx	component	FOUND	UNKNOWN	UNKNOWN	UNKNOWN	PRESENT_BUT_UNPROVEN	EXTENDED
src/components/ui/Toast.css	component	FOUND	UNKNOWN	UNKNOWN	UNKNOWN	PRESENT_BUT_UNPROVEN	EXTENDED
src/components/ui/input.tsx	component	FOUND	UNKNOWN	UNKNOWN	UNKNOWN	PRESENT_BUT_UNPROVEN	EXTENDED
src/components/ui/tabs.tsx	component	FOUND	UNKNOWN	UNKNOWN	UNKNOWN	PRESENT_BUT_UNPROVEN	EXTENDED
src/components/ui/badge.tsx	component	FOUND	UNKNOWN	UNKNOWN	UNKNOWN	PRESENT_BUT_UNPROVEN	EXTENDED
src/components/ui/switch.tsx	component	FOUND	UNKNOWN	UNKNOWN	UNKNOWN	PRESENT_BUT_UNPROVEN	EXTENDED
src/components/ui/SkeletonLoader.tsx	component	FOUND	UNKNOWN	UNKNOWN	UNKNOWN	PRESENT_BUT_UNPROVEN	EXTENDED
src/components/ui/LazyImage.tsx	component	FOUND	UNKNOWN	UNKNOWN	UNKNOWN	PRESENT_BUT_UNPROVEN	EXTENDED
src/components/ui/index.ts	component	FOUND	UNKNOWN	UNKNOWN	UNKNOWN	PRESENT_BUT_UNPROVEN	EXTENDED
src/components/ui/card.tsx	component	FOUND	UNKNOWN	UNKNOWN	UNKNOWN	PRESENT_BUT_UNPROVEN	EXTENDED
src/components/ui/button.tsx	component	FOUND	UNKNOWN	UNKNOWN	UNKNOWN	PRESENT_BUT_UNPROVEN	EXTENDED
src/components/ui/SkeletonLoader.css	component	FOUND	UNKNOWN	UNKNOWN	UNKNOWN	PRESENT_BUT_UNPROVEN	EXTENDED
src/components/ui/alert.tsx	component	FOUND	UNKNOWN	UNKNOWN	UNKNOWN	PRESENT_BUT_UNPROVEN	EXTENDED
src/components/ui/ToastContainer.css	component	FOUND	UNKNOWN	UNKNOWN	UNKNOWN	PRESENT_BUT_UNPROVEN	EXTENDED
src/components/ui/LazyImage.css	component	FOUND	UNKNOWN	UNKNOWN	UNKNOWN	PRESENT_BUT_UNPROVEN	EXTENDED
src/components/ChatDiagnostic.tsx	component	FOUND	UNKNOWN	UNKNOWN	UNKNOWN	PRESENT_BUT_UNPROVEN	EXTENDED
src/components/agents/index.ts	component	FOUND	UNKNOWN	UNKNOWN	UNKNOWN	PRESENT_BUT_UNPROVEN	EXTENDED
src/components/agents/AgentManager.tsx	component	FOUND	UNKNOWN	UNKNOWN	UNKNOWN	PRESENT_BUT_UNPROVEN	EXTENDED
src/components/psyche/DeepPsychePanel.tsx	component	FOUND	UNKNOWN	UNKNOWN	UNKNOWN	PRESENT_BUT_UNPROVEN	EXTENDED
src/components/psyche/DeepPsychePanel.css	component	FOUND	UNKNOWN	UNKNOWN	UNKNOWN	PRESENT_BUT_UNPROVEN	EXTENDED
src/components/diagnostic/OnlineDiagnostic.tsx	component	FOUND	UNKNOWN	UNKNOWN	UNKNOWN	PRESENT_BUT_UNPROVEN	EXTENDED
src/components/MessageBubble.css	component	FOUND	UNKNOWN	UNKNOWN	UNKNOWN	PRESENT_BUT_UNPROVEN	EXTENDED
src/components/ChatInput.css	component	FOUND	UNKNOWN	UNKNOWN	UNKNOWN	PRESENT_BUT_UNPROVEN	EXTENDED
src/components/StatusIndicator.tsx	component	FOUND	UNKNOWN	UNKNOWN	UNKNOWN	PRESENT_BUT_UNPROVEN	EXTENDED
src/components/BootErrorFallback.tsx	component	FOUND	UNKNOWN	UNKNOWN	UNKNOWN	PRESENT_BUT_UNPROVEN	EXTENDED
src/components/evolution/EvolutionDashboard.tsx	component	FOUND	UNKNOWN	UNKNOWN	UNKNOWN	PRESENT_BUT_UNPROVEN	EXTENDED
src/components/evolution/EvolutionHistory.tsx	component	FOUND	UNKNOWN	UNKNOWN	UNKNOWN	PRESENT_BUT_UNPROVEN	EXTENDED
src/components/evolution/index.ts	component	FOUND	UNKNOWN	UNKNOWN	UNKNOWN	PRESENT_BUT_UNPROVEN	EXTENDED
src/components/VoiceControlPanel.tsx	component	FOUND	UNKNOWN	UNKNOWN	UNKNOWN	PRESENT_BUT_UNPROVEN	EXTENDED
src/components/evolution/EvolutionHistory.css	component	FOUND	UNKNOWN	UNKNOWN	UNKNOWN	PRESENT_BUT_UNPROVEN	EXTENDED
src/components/evolution/EvolutionTrends.css	component	FOUND	UNKNOWN	UNKNOWN	UNKNOWN	PRESENT_BUT_UNPROVEN	EXTENDED
src/components/evolution/EvolutionTrends.tsx	component	FOUND	UNKNOWN	UNKNOWN	UNKNOWN	PRESENT_BUT_UNPROVEN	EXTENDED
src/components/evolution/EvolutionDashboard.css	component	FOUND	UNKNOWN	UNKNOWN	UNKNOWN	PRESENT_BUT_UNPROVEN	EXTENDED
src/components/notifications/ToastContainer.tsx	component	FOUND	UNKNOWN	UNKNOWN	UNKNOWN	PRESENT_BUT_UNPROVEN	EXTENDED
src/components/diagnostics/SplashWatchdog.tsx	component	FOUND	UNKNOWN	UNKNOWN	UNKNOWN	PRESENT_BUT_UNPROVEN	EXTENDED
src/components/panels/__tests__/panels.spec.tsx	component	FOUND	UNKNOWN	UNKNOWN	UNKNOWN	PRESENT_BUT_UNPROVEN	EXTENDED
src/components/panels/DevToolsPanel.tsx	component	FOUND	UNKNOWN	UNKNOWN	UNKNOWN	PRESENT_BUT_UNPROVEN	EXTENDED
src/components/panels/SelfHealingPanel.tsx	component	FOUND	UNKNOWN	UNKNOWN	UNKNOWN	PRESENT_BUT_UNPROVEN	EXTENDED
src/components/panels/index.ts	component	FOUND	UNKNOWN	UNKNOWN	UNKNOWN	PRESENT_BUT_UNPROVEN	EXTENDED
src/components/panels/ChatPanel.tsx	component	FOUND	UNKNOWN	UNKNOWN	UNKNOWN	PRESENT_BUT_UNPROVEN	EXTENDED
src/components/panels/GovernancePanel.tsx	component	FOUND	UNKNOWN	UNKNOWN	UNKNOWN	PRESENT_BUT_UNPROVEN	EXTENDED
src/components/panels/MemoryPanel.tsx	component	FOUND	UNKNOWN	UNKNOWN	UNKNOWN	PRESENT_BUT_UNPROVEN	EXTENDED
src/components/ErrorBoundary.tsx	component	FOUND	UNKNOWN	UNKNOWN	UNKNOWN	PRESENT_BUT_UNPROVEN	EXTENDED
src/components/fusion/index.ts	component	FOUND	UNKNOWN	UNKNOWN	UNKNOWN	PRESENT_BUT_UNPROVEN	EXTENDED
src/components/fusion/PerfectFusionDashboard.tsx	component	FOUND	UNKNOWN	UNKNOWN	UNKNOWN	PRESENT_BUT_UNPROVEN	EXTENDED
src/components/admin/AdminDashboard.tsx	component	FOUND	UNKNOWN	UNKNOWN	UNKNOWN	PRESENT_BUT_UNPROVEN	EXTENDED
src/components/admin/index.ts	component	FOUND	UNKNOWN	UNKNOWN	UNKNOWN	PRESENT_BUT_UNPROVEN	EXTENDED
src/components/admin/AdminTimeline.tsx	component	FOUND	UNKNOWN	UNKNOWN	UNKNOWN	PRESENT_BUT_UNPROVEN	EXTENDED
src/components/admin/AdminActions.tsx	component	FOUND	UNKNOWN	UNKNOWN	UNKNOWN	PRESENT_BUT_UNPROVEN	EXTENDED
src/components/AutoHealErrorBoundary.css	component	FOUND	UNKNOWN	UNKNOWN	UNKNOWN	PRESENT_BUT_UNPROVEN	EXTENDED
src/components/a11y/KeyboardShortcuts.tsx	component	FOUND	UNKNOWN	UNKNOWN	UNKNOWN	PRESENT_BUT_UNPROVEN	EXTENDED
src/components/icons/index.ts	component	FOUND	UNKNOWN	UNKNOWN	UNKNOWN	PRESENT_BUT_UNPROVEN	EXTENDED
src/components/core/TitaneSphereCore.tsx	component	FOUND	UNKNOWN	UNKNOWN	UNKNOWN	PRESENT_BUT_UNPROVEN	EXTENDED
src/components/experience/XPBar.css	component	FOUND	UNKNOWN	UNKNOWN	UNKNOWN	PRESENT_BUT_UNPROVEN	EXTENDED
src/components/experience/index.ts	component	FOUND	UNKNOWN	UNKNOWN	UNKNOWN	PRESENT_BUT_UNPROVEN	EXTENDED
src/components/experience/ExpPanel.tsx	component	FOUND	UNKNOWN	UNKNOWN	UNKNOWN	PRESENT_BUT_UNPROVEN	EXTENDED
src/components/experience/GlobalExpBar.tsx	component	FOUND	UNKNOWN	UNKNOWN	UNKNOWN	PRESENT_BUT_UNPROVEN	EXTENDED
src/components/experience/XPBar.tsx	component	FOUND	UNKNOWN	UNKNOWN	UNKNOWN	PRESENT_BUT_UNPROVEN	EXTENDED
src/components/experience/CompactXPBar.tsx	component	FOUND	UNKNOWN	UNKNOWN	UNKNOWN	PRESENT_BUT_UNPROVEN	EXTENDED
src/components/experience/TalentTree.tsx	component	FOUND	UNKNOWN	UNKNOWN	UNKNOWN	PRESENT_BUT_UNPROVEN	EXTENDED
src/components/experience/TimelineChart.tsx	component	FOUND	UNKNOWN	UNKNOWN	UNKNOWN	PRESENT_BUT_UNPROVEN	EXTENDED
src/components/feedback/LoaderSpinner.tsx	component	FOUND	UNKNOWN	UNKNOWN	UNKNOWN	PRESENT_BUT_UNPROVEN	EXTENDED
src/components/feedback/Skeleton.tsx	component	FOUND	UNKNOWN	UNKNOWN	UNKNOWN	PRESENT_BUT_UNPROVEN	EXTENDED
src/components/feedback/index.ts	component	FOUND	UNKNOWN	UNKNOWN	UNKNOWN	PRESENT_BUT_UNPROVEN	EXTENDED
src/components/feedback/ErrorState.tsx	component	FOUND	UNKNOWN	UNKNOWN	UNKNOWN	PRESENT_BUT_UNPROVEN	EXTENDED
src/components/feedback/EmptyState.tsx	component	FOUND	UNKNOWN	UNKNOWN	UNKNOWN	PRESENT_BUT_UNPROVEN	EXTENDED
src/components/AudioSettings.tsx	component	FOUND	UNKNOWN	UNKNOWN	UNKNOWN	PRESENT_BUT_UNPROVEN	EXTENDED
src/components/StatusIndicator.css	component	FOUND	UNKNOWN	UNKNOWN	UNKNOWN	PRESENT_BUT_UNPROVEN	EXTENDED
src/components/ConsciousnessDashboard.tsx	component	FOUND	UNKNOWN	UNKNOWN	UNKNOWN	PRESENT_BUT_UNPROVEN	EXTENDED
src/components/PerformanceDashboard.tsx	component	FOUND	UNKNOWN	UNKNOWN	UNKNOWN	PRESENT_BUT_UNPROVEN	EXTENDED
src/components/VitalsPanel.tsx	component	FOUND	UNKNOWN	UNKNOWN	UNKNOWN	PRESENT_BUT_UNPROVEN	EXTENDED
src/components/twin/index.ts	component	FOUND	UNKNOWN	UNKNOWN	UNKNOWN	PRESENT_BUT_UNPROVEN	EXTENDED
src/components/cognitive/CognitiveLayoutControl.css	component	FOUND	UNKNOWN	UNKNOWN	UNKNOWN	PRESENT_BUT_UNPROVEN	EXTENDED
src/components/twin/TwinEvolutionPanel.tsx	component	FOUND	UNKNOWN	UNKNOWN	UNKNOWN	PRESENT_BUT_UNPROVEN	EXTENDED
src/components/cognitive/CognitiveLayoutControl.tsx	component	FOUND	UNKNOWN	UNKNOWN	UNKNOWN	PRESENT_BUT_UNPROVEN	EXTENDED
src/components/twin/TwinEvolutionPanel.css	component	FOUND	UNKNOWN	UNKNOWN	UNKNOWN	PRESENT_BUT_UNPROVEN	EXTENDED
src/components/branding/TitaneLogo.css	component	FOUND	UNKNOWN	UNKNOWN	UNKNOWN	PRESENT_BUT_UNPROVEN	EXTENDED
src/components/branding/TitaneLogo.tsx	component	FOUND	UNKNOWN	UNKNOWN	UNKNOWN	PRESENT_BUT_UNPROVEN	EXTENDED
src/components/branding/index.ts	component	FOUND	UNKNOWN	UNKNOWN	UNKNOWN	PRESENT_BUT_UNPROVEN	EXTENDED
src/components/AutoHealErrorBoundary.tsx	component	FOUND	UNKNOWN	UNKNOWN	UNKNOWN	PRESENT_BUT_UNPROVEN	EXTENDED
src/components/chat/ChatToolbar.tsx	component	FOUND	UNKNOWN	UNKNOWN	UNKNOWN	PRESENT_BUT_UNPROVEN	EXTENDED
src/components/chat/ConversationsButton.css	component	FOUND	UNKNOWN	UNKNOWN	UNKNOWN	PRESENT_BUT_UNPROVEN	EXTENDED
src/components/chat/MessageList.css	component	FOUND	UNKNOWN	UNKNOWN	UNKNOWN	PRESENT_BUT_UNPROVEN	EXTENDED
src/components/chat/VirtualMessageList.tsx	component	FOUND	UNKNOWN	UNKNOWN	UNKNOWN	PRESENT_BUT_UNPROVEN	EXTENDED
src/components/audio/index.ts	component	FOUND	UNKNOWN	UNKNOWN	UNKNOWN	PRESENT_BUT_UNPROVEN	EXTENDED
src/components/audio/ListeningIndicator.tsx	component	FOUND	UNKNOWN	UNKNOWN	UNKNOWN	PRESENT_BUT_UNPROVEN	EXTENDED
src/components/audio/AudioDiagnosticsPanel.tsx	component	FOUND	UNKNOWN	UNKNOWN	UNKNOWN	PRESENT_BUT_UNPROVEN	EXTENDED
src/components/audio/AudioDiagnosticsPanel.css	component	FOUND	UNKNOWN	UNKNOWN	UNKNOWN	PRESENT_BUT_UNPROVEN	EXTENDED
src/components/system/__tests__/BackendDownIndicator.test.tsx	component	FOUND	UNKNOWN	UNKNOWN	UNKNOWN	PRESENT_BUT_UNPROVEN	EXTENDED
src/components/system/index.ts	component	FOUND	UNKNOWN	UNKNOWN	UNKNOWN	PRESENT_BUT_UNPROVEN	EXTENDED
src/components/system/BackendDownIndicator.tsx	component	FOUND	UNKNOWN	UNKNOWN	UNKNOWN	PRESENT_BUT_UNPROVEN	EXTENDED
src/components/providers/ToastProvider.tsx	component	FOUND	UNKNOWN	UNKNOWN	UNKNOWN	PRESENT_BUT_UNPROVEN	EXTENDED
src/components/VoiceControlPanel.css	component	FOUND	UNKNOWN	UNKNOWN	UNKNOWN	PRESENT_BUT_UNPROVEN	EXTENDED
src/components/loading/LoadingStates.tsx	component	FOUND	UNKNOWN	UNKNOWN	UNKNOWN	PRESENT_BUT_UNPROVEN	EXTENDED
src/components/Onboarding/CustomizationStep.tsx	component	FOUND	UNKNOWN	UNKNOWN	UNKNOWN	PRESENT_BUT_UNPROVEN	EXTENDED
src/components/Onboarding/OnboardingFlow.tsx	component	FOUND	UNKNOWN	UNKNOWN	UNKNOWN	PRESENT_BUT_UNPROVEN	EXTENDED
src/components/Onboarding/FeaturesStep.tsx	component	FOUND	UNKNOWN	UNKNOWN	UNKNOWN	PRESENT_BUT_UNPROVEN	EXTENDED
src/components/Onboarding/OnboardingFlow.css	component	FOUND	UNKNOWN	UNKNOWN	UNKNOWN	PRESENT_BUT_UNPROVEN	EXTENDED
src/components/Onboarding/index.ts	component	FOUND	UNKNOWN	UNKNOWN	UNKNOWN	PRESENT_BUT_UNPROVEN	EXTENDED
src/components/Onboarding/ReadyStep.tsx	component	FOUND	UNKNOWN	UNKNOWN	UNKNOWN	PRESENT_BUT_UNPROVEN	EXTENDED
src/components/Onboarding/WelcomeStep.tsx	component	FOUND	UNKNOWN	UNKNOWN	UNKNOWN	PRESENT_BUT_UNPROVEN	EXTENDED
src/components/Onboarding/types.ts	component	FOUND	UNKNOWN	UNKNOWN	UNKNOWN	PRESENT_BUT_UNPROVEN	EXTENDED
src/components/Onboarding/PrivacyStep.tsx	component	FOUND	UNKNOWN	UNKNOWN	UNKNOWN	PRESENT_BUT_UNPROVEN	EXTENDED
src/components/monitoring/CognitiveModuleCard.css	component	FOUND	UNKNOWN	UNKNOWN	UNKNOWN	PRESENT_BUT_UNPROVEN	EXTENDED
src/components/monitoring/GlobalMetricsSummary.tsx	component	FOUND	UNKNOWN	UNKNOWN	UNKNOWN	PRESENT_BUT_UNPROVEN	EXTENDED
src/components/chat/EvolutionTracker.css	component	FOUND	UNKNOWN	UNKNOWN	UNKNOWN	PRESENT_BUT_UNPROVEN	EXTENDED
src/components/chat/AutomationPanel.css	component	FOUND	UNKNOWN	UNKNOWN	UNKNOWN	PRESENT_BUT_UNPROVEN	EXTENDED
src/components/chat/MessageReactions.tsx	component	FOUND	UNKNOWN	UNKNOWN	UNKNOWN	PRESENT_BUT_UNPROVEN	EXTENDED
src/components/chat/ToolResult.tsx	component	FOUND	UNKNOWN	UNKNOWN	UNKNOWN	PRESENT_BUT_UNPROVEN	EXTENDED
src/components/chat/ModeBadge.css	component	FOUND	UNKNOWN	UNKNOWN	UNKNOWN	PRESENT_BUT_UNPROVEN	EXTENDED
src/components/chat/ChatToolbar.css	component	FOUND	UNKNOWN	UNKNOWN	UNKNOWN	PRESENT_BUT_UNPROVEN	EXTENDED
src/components/chat/EvolutionTracker.tsx	component	FOUND	UNKNOWN	UNKNOWN	UNKNOWN	PRESENT_BUT_UNPROVEN	EXTENDED
src/components/chat/MessageList.tsx	component	FOUND	UNKNOWN	UNKNOWN	UNKNOWN	PRESENT_BUT_UNPROVEN	EXTENDED
src/components/chat/MessageBubble.tsx	component	FOUND	UNKNOWN	UNKNOWN	UNKNOWN	PRESENT_BUT_UNPROVEN	EXTENDED
src/components/chat/MemoryViewer.tsx	component	FOUND	UNKNOWN	UNKNOWN	UNKNOWN	PRESENT_BUT_UNPROVEN	EXTENDED
src/components/chat/ConversationsButton.tsx	component	FOUND	UNKNOWN	UNKNOWN	UNKNOWN	PRESENT_BUT_UNPROVEN	EXTENDED
src/components/chat/VirtualizedMessageList.tsx	component	FOUND	UNKNOWN	UNKNOWN	UNKNOWN	PRESENT_BUT_UNPROVEN	EXTENDED
src/components/chat/MemoryViewer.css	component	FOUND	UNKNOWN	UNKNOWN	UNKNOWN	PRESENT_BUT_UNPROVEN	EXTENDED
src/components/PersonaMoodIndicator.tsx	component	FOUND	UNKNOWN	UNKNOWN	UNKNOWN	PRESENT_BUT_UNPROVEN	EXTENDED
src/components/performance/MetricsGraph.tsx	component	FOUND	UNKNOWN	UNKNOWN	UNKNOWN	PRESENT_BUT_UNPROVEN	EXTENDED
src/components/performance/AdvancedPerformanceDashboard.css	component	FOUND	UNKNOWN	UNKNOWN	UNKNOWN	PRESENT_BUT_UNPROVEN	EXTENDED
src/components/performance/index.ts	component	FOUND	UNKNOWN	UNKNOWN	UNKNOWN	PRESENT_BUT_UNPROVEN	EXTENDED
src/components/performance/AdvancedPerformanceDashboard.tsx	component	FOUND	UNKNOWN	UNKNOWN	UNKNOWN	PRESENT_BUT_UNPROVEN	EXTENDED
src/components/performance/PerformanceIssues.tsx	component	FOUND	UNKNOWN	UNKNOWN	UNKNOWN	PRESENT_BUT_UNPROVEN	EXTENDED
src/components/performance/PerformanceDashboard.tsx	component	FOUND	UNKNOWN	UNKNOWN	UNKNOWN	PRESENT_BUT_UNPROVEN	EXTENDED
src/components/tts/TTSButton.tsx	component	FOUND	UNKNOWN	UNKNOWN	UNKNOWN	PRESENT_BUT_UNPROVEN	EXTENDED
src/components/performance/RecommendationsPanel.tsx	component	FOUND	UNKNOWN	UNKNOWN	UNKNOWN	PRESENT_BUT_UNPROVEN	EXTENDED
src/components/tts/index.ts	component	FOUND	UNKNOWN	UNKNOWN	UNKNOWN	PRESENT_BUT_UNPROVEN	EXTENDED
src/components/tts/TTSControls.css	component	FOUND	UNKNOWN	UNKNOWN	UNKNOWN	PRESENT_BUT_UNPROVEN	EXTENDED
src/components/tts/TTSButton.css	component	FOUND	UNKNOWN	UNKNOWN	UNKNOWN	PRESENT_BUT_UNPROVEN	EXTENDED
src/components/tts/TTSControls.tsx	component	FOUND	UNKNOWN	UNKNOWN	UNKNOWN	PRESENT_BUT_UNPROVEN	EXTENDED
src/components/SystemIntegrationHub.tsx	component	FOUND	UNKNOWN	UNKNOWN	UNKNOWN	PRESENT_BUT_UNPROVEN	EXTENDED
src/components/IdentityCenter/IdentityCenter.css	component	FOUND	UNKNOWN	UNKNOWN	UNKNOWN	PRESENT_BUT_UNPROVEN	EXTENDED
src/components/IdentityCenter/IdentityCenter.tsx	component	FOUND	UNKNOWN	UNKNOWN	UNKNOWN	PRESENT_BUT_UNPROVEN	EXTENDED
src/components/IdentityCenter/index.ts	component	FOUND	UNKNOWN	UNKNOWN	UNKNOWN	PRESENT_BUT_UNPROVEN	EXTENDED
src/components/aura/AuraControlPanel.css	component	FOUND	UNKNOWN	UNKNOWN	UNKNOWN	PRESENT_BUT_UNPROVEN	EXTENDED
src/components/aura/QuantumParticles.tsx	component	FOUND	UNKNOWN	UNKNOWN	UNKNOWN	PRESENT_BUT_UNPROVEN	EXTENDED
src/components/aura/AuraControlPanel.tsx	component	FOUND	UNKNOWN	UNKNOWN	UNKNOWN	PRESENT_BUT_UNPROVEN	EXTENDED
src/components/ModuleCard.css	component	FOUND	UNKNOWN	UNKNOWN	UNKNOWN	PRESENT_BUT_UNPROVEN	EXTENDED
src/components/HyperCenter/HyperCenter.css	component	FOUND	UNKNOWN	UNKNOWN	UNKNOWN	PRESENT_BUT_UNPROVEN	EXTENDED
src/components/HyperCenter/HyperCenter.tsx	component	FOUND	UNKNOWN	UNKNOWN	UNKNOWN	PRESENT_BUT_UNPROVEN	EXTENDED
src/components/xp/index.ts	component	FOUND	UNKNOWN	UNKNOWN	UNKNOWN	PRESENT_BUT_UNPROVEN	EXTENDED
src/components/xp/XPProgressBar.css	component	FOUND	UNKNOWN	UNKNOWN	UNKNOWN	PRESENT_BUT_UNPROVEN	EXTENDED
src/components/xp/XPProgressBar.tsx	component	FOUND	UNKNOWN	UNKNOWN	UNKNOWN	PRESENT_BUT_UNPROVEN	EXTENDED
src/components/optimization/UltimateOptimizationDashboard_FIXED.css	component	FOUND	UNKNOWN	UNKNOWN	UNKNOWN	PRESENT_BUT_UNPROVEN	EXTENDED
src/components/dev/PredictiveDashboard.tsx	component	FOUND	UNKNOWN	UNKNOWN	UNKNOWN	PRESENT_BUT_UNPROVEN	EXTENDED
src/components/optimization/UltimateOptimizationDashboard.css	component	FOUND	UNKNOWN	UNKNOWN	UNKNOWN	PRESENT_BUT_UNPROVEN	EXTENDED
src/components/dev/ConsoleMonitorDashboard.css	component	FOUND	UNKNOWN	UNKNOWN	UNKNOWN	PRESENT_BUT_UNPROVEN	EXTENDED
src/components/optimization/UltimateOptimizationDashboard.tsx	component	FOUND	UNKNOWN	UNKNOWN	UNKNOWN	PRESENT_BUT_UNPROVEN	EXTENDED
src/components/dev/ConsoleMonitorDashboard.tsx	component	FOUND	UNKNOWN	UNKNOWN	UNKNOWN	PRESENT_BUT_UNPROVEN	EXTENDED
src/components/dev/DevSudoBadge.tsx	component	FOUND	UNKNOWN	UNKNOWN	UNKNOWN	PRESENT_BUT_UNPROVEN	EXTENDED
src/components/dev/DevSudoBadge.css	component	FOUND	UNKNOWN	UNKNOWN	UNKNOWN	PRESENT_BUT_UNPROVEN	EXTENDED
src/components/ChatWindow.tsx	component	FOUND	UNKNOWN	UNKNOWN	UNKNOWN	PRESENT_BUT_UNPROVEN	EXTENDED
src/components/monitoring/index.ts	component	FOUND	UNKNOWN	UNKNOWN	UNKNOWN	PRESENT_BUT_UNPROVEN	EXTENDED
src/components/monitoring/LogsCard.tsx	component	FOUND	UNKNOWN	UNKNOWN	UNKNOWN	PRESENT_BUT_UNPROVEN	EXTENDED
src/components/monitoring/SystemStatusCard.css	component	FOUND	UNKNOWN	UNKNOWN	UNKNOWN	PRESENT_BUT_UNPROVEN	EXTENDED
src/components/monitoring/LivingEnginesCard.css	component	FOUND	UNKNOWN	UNKNOWN	UNKNOWN	PRESENT_BUT_UNPROVEN	EXTENDED
src/components/monitoring/CommandStatsTable.tsx	component	FOUND	UNKNOWN	UNKNOWN	UNKNOWN	PRESENT_BUT_UNPROVEN	EXTENDED
src/components/debug/index.ts	component	FOUND	UNKNOWN	UNKNOWN	UNKNOWN	PRESENT_BUT_UNPROVEN	EXTENDED
src/components/monitoring/ErrorsCard.css	component	FOUND	UNKNOWN	UNKNOWN	UNKNOWN	PRESENT_BUT_UNPROVEN	EXTENDED
src/components/debug/ChatDebugPanel.tsx	component	FOUND	UNKNOWN	UNKNOWN	UNKNOWN	PRESENT_BUT_UNPROVEN	EXTENDED
src/components/monitoring/SystemHealthMonitor.tsx	component	FOUND	UNKNOWN	UNKNOWN	UNKNOWN	PRESENT_BUT_UNPROVEN	EXTENDED
src/components/debug/TracePanel.tsx	component	FOUND	UNKNOWN	UNKNOWN	UNKNOWN	PRESENT_BUT_UNPROVEN	EXTENDED
src/components/monitoring/PredictiveAlertsDashboard.tsx	component	FOUND	UNKNOWN	UNKNOWN	UNKNOWN	PRESENT_BUT_UNPROVEN	EXTENDED
src/components/monitoring/LivingEnginesCard.tsx	component	FOUND	UNKNOWN	UNKNOWN	UNKNOWN	PRESENT_BUT_UNPROVEN	EXTENDED
src/components/monitoring/MonitoringHeader.css	component	FOUND	UNKNOWN	UNKNOWN	UNKNOWN	PRESENT_BUT_UNPROVEN	EXTENDED
src/components/monitoring/AnomalyDashboard.tsx	component	FOUND	UNKNOWN	UNKNOWN	UNKNOWN	PRESENT_BUT_UNPROVEN	EXTENDED
src/components/monitoring/MonitoringHeader.tsx	component	FOUND	UNKNOWN	UNKNOWN	UNKNOWN	PRESENT_BUT_UNPROVEN	EXTENDED
src/components/monitoring/MetricsCard.tsx	component	FOUND	UNKNOWN	UNKNOWN	UNKNOWN	PRESENT_BUT_UNPROVEN	EXTENDED
src/components/vision/VisionToggleButton.css	component	FOUND	UNKNOWN	UNKNOWN	UNKNOWN	PRESENT_BUT_UNPROVEN	EXTENDED
src/components/monitoring/ErrorsCard.tsx	component	FOUND	UNKNOWN	UNKNOWN	UNKNOWN	PRESENT_BUT_UNPROVEN	EXTENDED
src/components/vision/VisionDebugOverlay.css	component	FOUND	UNKNOWN	UNKNOWN	UNKNOWN	PRESENT_BUT_UNPROVEN	EXTENDED
src/components/monitoring/SingularityDashboard.tsx	component	FOUND	UNKNOWN	UNKNOWN	UNKNOWN	PRESENT_BUT_UNPROVEN	EXTENDED
src/components/monitoring/ServiceMetricsPanel.tsx	component	FOUND	UNKNOWN	UNKNOWN	UNKNOWN	PRESENT_BUT_UNPROVEN	EXTENDED
src/components/chat/ChatInput.tsx	component	FOUND	UNKNOWN	UNKNOWN	UNKNOWN	PRESENT_BUT_UNPROVEN	EXTENDED
src/components/chat/index.ts	component	FOUND	UNKNOWN	UNKNOWN	UNKNOWN	PRESENT_BUT_UNPROVEN	EXTENDED
src/components/chat/ChatModeSelector.tsx	component	FOUND	UNKNOWN	UNKNOWN	UNKNOWN	PRESENT_BUT_UNPROVEN	EXTENDED
src/components/chat/CodeBlock.tsx	component	FOUND	UNKNOWN	UNKNOWN	UNKNOWN	PRESENT_BUT_UNPROVEN	EXTENDED
src/components/chat/RecordingTimer.css	component	FOUND	UNKNOWN	UNKNOWN	UNKNOWN	PRESENT_BUT_UNPROVEN	EXTENDED
src/components/chat/ConversationControls.tsx	component	FOUND	UNKNOWN	UNKNOWN	UNKNOWN	PRESENT_BUT_UNPROVEN	EXTENDED
src/components/conversation/ModeBuilder.tsx	component	FOUND	UNKNOWN	UNKNOWN	UNKNOWN	PRESENT_BUT_UNPROVEN	EXTENDED
src/components/chat/DictationButton.tsx	component	FOUND	UNKNOWN	UNKNOWN	UNKNOWN	PRESENT_BUT_UNPROVEN	EXTENDED
src/components/conversation/ModeBuilder.css	component	FOUND	UNKNOWN	UNKNOWN	UNKNOWN	PRESENT_BUT_UNPROVEN	EXTENDED
src/components/chat/FileUploadButton.css	component	FOUND	UNKNOWN	UNKNOWN	UNKNOWN	PRESENT_BUT_UNPROVEN	EXTENDED
src/components/chat/ConversationsSidebar.tsx	component	FOUND	UNKNOWN	UNKNOWN	UNKNOWN	PRESENT_BUT_UNPROVEN	EXTENDED
src/components/chat/ChatFallback.tsx	component	FOUND	UNKNOWN	UNKNOWN	UNKNOWN	PRESENT_BUT_UNPROVEN	EXTENDED
src/components/chat/MessageListOptimized.tsx	component	FOUND	UNKNOWN	UNKNOWN	UNKNOWN	PRESENT_BUT_UNPROVEN	EXTENDED
src/components/monitoring/SystemStatusCard.tsx	component	FOUND	UNKNOWN	UNKNOWN	UNKNOWN	PRESENT_BUT_UNPROVEN	EXTENDED
src/components/chat/ChatFileImport.tsx	component	FOUND	UNKNOWN	UNKNOWN	UNKNOWN	PRESENT_BUT_UNPROVEN	EXTENDED
src/components/chat/MessageBubble.css	component	FOUND	UNKNOWN	UNKNOWN	UNKNOWN	PRESENT_BUT_UNPROVEN	EXTENDED
src/components/chat/MessageList.test.tsx	component	FOUND	UNKNOWN	UNKNOWN	UNKNOWN	PRESENT_BUT_UNPROVEN	EXTENDED
src/components/chat/ChatInput.css	component	FOUND	UNKNOWN	UNKNOWN	UNKNOWN	PRESENT_BUT_UNPROVEN	EXTENDED
src/components/chat/RecordingTimer.tsx	component	FOUND	UNKNOWN	UNKNOWN	UNKNOWN	PRESENT_BUT_UNPROVEN	EXTENDED
src/components/chat/MemoryDashboard.tsx	component	FOUND	UNKNOWN	UNKNOWN	UNKNOWN	PRESENT_BUT_UNPROVEN	EXTENDED
src/components/chat/MarkdownContent.tsx	component	FOUND	UNKNOWN	UNKNOWN	UNKNOWN	PRESENT_BUT_UNPROVEN	EXTENDED
src/components/monitoring/LogsCard.css	component	FOUND	UNKNOWN	UNKNOWN	UNKNOWN	PRESENT_BUT_UNPROVEN	EXTENDED
src/components/chat/ConversationsSidebar.css	component	FOUND	UNKNOWN	UNKNOWN	UNKNOWN	PRESENT_BUT_UNPROVEN	EXTENDED
src/components/chat/ChatModeSelector.css	component	FOUND	UNKNOWN	UNKNOWN	UNKNOWN	PRESENT_BUT_UNPROVEN	EXTENDED
src/components/chat/ModelSelector.tsx	component	FOUND	UNKNOWN	UNKNOWN	UNKNOWN	PRESENT_BUT_UNPROVEN	EXTENDED
src/components/chat/ContextUsage.tsx	component	FOUND	UNKNOWN	UNKNOWN	UNKNOWN	PRESENT_BUT_UNPROVEN	EXTENDED
src/components/chat/ModeBadge.tsx	component	FOUND	UNKNOWN	UNKNOWN	UNKNOWN	PRESENT_BUT_UNPROVEN	EXTENDED
src/components/chat/AutomationPanel.tsx	component	FOUND	UNKNOWN	UNKNOWN	UNKNOWN	PRESENT_BUT_UNPROVEN	EXTENDED
src/components/HybridBubble.tsx	component	FOUND	UNKNOWN	UNKNOWN	UNKNOWN	PRESENT_BUT_UNPROVEN	EXTENDED
src/components/chat/FileUploadButton.tsx	component	FOUND	UNKNOWN	UNKNOWN	UNKNOWN	PRESENT_BUT_UNPROVEN	EXTENDED
src/components/MemoryEvolution/MemoryEvolutionCenter.css	component	FOUND	UNKNOWN	UNKNOWN	UNKNOWN	PRESENT_BUT_UNPROVEN	EXTENDED
src/components/SingularityMonitor.tsx	component	FOUND	UNKNOWN	UNKNOWN	UNKNOWN	PRESENT_BUT_UNPROVEN	EXTENDED
src/components/vision/CameraPreview.css	component	FOUND	UNKNOWN	UNKNOWN	UNKNOWN	PRESENT_BUT_UNPROVEN	EXTENDED
src/components/vision/VisionStatusIndicator.tsx	component	FOUND	UNKNOWN	UNKNOWN	UNKNOWN	PRESENT_BUT_UNPROVEN	EXTENDED
src/components/vision/VisionDebugOverlay.tsx	component	FOUND	UNKNOWN	UNKNOWN	UNKNOWN	PRESENT_BUT_UNPROVEN	EXTENDED
src/components/vision/VisionFeedbackCard.tsx	component	FOUND	UNKNOWN	UNKNOWN	UNKNOWN	PRESENT_BUT_UNPROVEN	EXTENDED
src/components/monitoring/CognitiveModuleCard.tsx	component	FOUND	UNKNOWN	UNKNOWN	UNKNOWN	PRESENT_BUT_UNPROVEN	EXTENDED
src/components/MetaCenter/MetaCenter.css	component	FOUND	UNKNOWN	UNKNOWN	UNKNOWN	PRESENT_BUT_UNPROVEN	EXTENDED
src/components/vision/VisionStatusIndicator.css	component	FOUND	UNKNOWN	UNKNOWN	UNKNOWN	PRESENT_BUT_UNPROVEN	EXTENDED
src/components/vision/VisionToggleButton.tsx	component	FOUND	UNKNOWN	UNKNOWN	UNKNOWN	PRESENT_BUT_UNPROVEN	EXTENDED
src/components/chat/ChatFileImport.css	component	FOUND	UNKNOWN	UNKNOWN	UNKNOWN	PRESENT_BUT_UNPROVEN	EXTENDED
src/components/MemoryEvolution/index.ts	component	FOUND	UNKNOWN	UNKNOWN	UNKNOWN	PRESENT_BUT_UNPROVEN	EXTENDED
src/components/vision/index.ts	component	FOUND	UNKNOWN	UNKNOWN	UNKNOWN	PRESENT_BUT_UNPROVEN	EXTENDED
src/components/MetaCenter/MetaCenter.tsx	component	FOUND	UNKNOWN	UNKNOWN	UNKNOWN	PRESENT_BUT_UNPROVEN	EXTENDED
src/components/vision/VisionFeedbackCard.css	component	FOUND	UNKNOWN	UNKNOWN	UNKNOWN	PRESENT_BUT_UNPROVEN	EXTENDED
src/components/MemoryEvolution/MemoryEvolutionCenter.tsx	component	FOUND	UNKNOWN	UNKNOWN	UNKNOWN	PRESENT_BUT_UNPROVEN	EXTENDED
src/components/progression/KnowledgeDomains.tsx	component	FOUND	UNKNOWN	UNKNOWN	UNKNOWN	PRESENT_BUT_UNPROVEN	EXTENDED
src/components/vision/CameraPreview.tsx	component	FOUND	UNKNOWN	UNKNOWN	UNKNOWN	PRESENT_BUT_UNPROVEN	EXTENDED
src/components/BootHealthDashboard.tsx	component	FOUND	UNKNOWN	UNKNOWN	UNKNOWN	PRESENT_BUT_UNPROVEN	EXTENDED
src/components/chat/DictationButton.css	component	FOUND	UNKNOWN	UNKNOWN	UNKNOWN	PRESENT_BUT_UNPROVEN	EXTENDED
src/components/physiological/PhysiologicalPanel.css	component	FOUND	UNKNOWN	UNKNOWN	UNKNOWN	PRESENT_BUT_UNPROVEN	EXTENDED
src/components/physiological/PhysiologicalPanel.tsx	component	FOUND	UNKNOWN	UNKNOWN	UNKNOWN	PRESENT_BUT_UNPROVEN	EXTENDED
src/components/chat/__tests__/ChatFallback.test.tsx	component	FOUND	UNKNOWN	UNKNOWN	UNKNOWN	PRESENT_BUT_UNPROVEN	EXTENDED
src/components/sections/TransformationSection.tsx	component	FOUND	UNKNOWN	UNKNOWN	UNKNOWN	PRESENT_BUT_UNPROVEN	EXTENDED
src/components/devtools/LogViewer.tsx	component	FOUND	UNKNOWN	UNKNOWN	UNKNOWN	PRESENT_BUT_UNPROVEN	EXTENDED
src/components/sections/MemorySection.tsx	component	FOUND	UNKNOWN	UNKNOWN	UNKNOWN	PRESENT_BUT_UNPROVEN	EXTENDED
src/components/sections/IdentitySection.tsx	component	FOUND	UNKNOWN	UNKNOWN	UNKNOWN	PRESENT_BUT_UNPROVEN	EXTENDED
src/components/sections/VisionSection.tsx	component	FOUND	UNKNOWN	UNKNOWN	UNKNOWN	PRESENT_BUT_UNPROVEN	EXTENDED
src/components/sections/index.ts	component	FOUND	UNKNOWN	UNKNOWN	UNKNOWN	PRESENT_BUT_UNPROVEN	EXTENDED
src/components/sections/MemoryEvolutionSection.tsx	component	FOUND	UNKNOWN	UNKNOWN	UNKNOWN	PRESENT_BUT_UNPROVEN	EXTENDED
src/components/sections/ProgressionSection.tsx	component	FOUND	UNKNOWN	UNKNOWN	UNKNOWN	PRESENT_BUT_UNPROVEN	EXTENDED
src/components/sections/ConversationSection.tsx	component	FOUND	UNKNOWN	UNKNOWN	UNKNOWN	PRESENT_BUT_UNPROVEN	EXTENDED
src/components/sections/OverviewSection.tsx	component	FOUND	UNKNOWN	UNKNOWN	UNKNOWN	PRESENT_BUT_UNPROVEN	EXTENDED
src/components/devtools/MemoryTree.tsx	component	FOUND	UNKNOWN	UNKNOWN	UNKNOWN	PRESENT_BUT_UNPROVEN	EXTENDED
src/components/devtools/EventStream.tsx	component	FOUND	UNKNOWN	UNKNOWN	UNKNOWN	PRESENT_BUT_UNPROVEN	EXTENDED
src/components/devtools/MetricsDisplay.tsx	component	FOUND	UNKNOWN	UNKNOWN	UNKNOWN	PRESENT_BUT_UNPROVEN	EXTENDED
src/components/devtools/LogFilters.tsx	component	FOUND	UNKNOWN	UNKNOWN	UNKNOWN	PRESENT_BUT_UNPROVEN	EXTENDED
src/components/devtools/StatusPill.tsx	component	FOUND	UNKNOWN	UNKNOWN	UNKNOWN	PRESENT_BUT_UNPROVEN	EXTENDED
src/components/devtools/EngineCard.tsx	component	FOUND	UNKNOWN	UNKNOWN	UNKNOWN	PRESENT_BUT_UNPROVEN	EXTENDED
src/components/layout/Container.tsx	component	FOUND	UNKNOWN	UNKNOWN	UNKNOWN	PRESENT_BUT_UNPROVEN	EXTENDED
src/components/layout/Grid.tsx	component	FOUND	UNKNOWN	UNKNOWN	UNKNOWN	PRESENT_BUT_UNPROVEN	EXTENDED
src/components/layout/Stack.tsx	component	FOUND	UNKNOWN	UNKNOWN	UNKNOWN	PRESENT_BUT_UNPROVEN	EXTENDED
src/components/layout/MobileNav.tsx	component	FOUND	UNKNOWN	UNKNOWN	UNKNOWN	PRESENT_BUT_UNPROVEN	EXTENDED
src/components/layout/Sidebar.tsx	component	FOUND	UNKNOWN	UNKNOWN	UNKNOWN	PRESENT_BUT_UNPROVEN	EXTENDED
src/components/devtools/CoreHealthMonitor.tsx	component	FOUND	UNKNOWN	UNKNOWN	UNKNOWN	PRESENT_BUT_UNPROVEN	EXTENDED
src/components/layout/index.ts	component	FOUND	UNKNOWN	UNKNOWN	UNKNOWN	PRESENT_BUT_UNPROVEN	EXTENDED
src/components/layout/TopNav.tsx	component	FOUND	UNKNOWN	UNKNOWN	UNKNOWN	PRESENT_BUT_UNPROVEN	EXTENDED
src/components/devtools/LogLine.tsx	component	FOUND	UNKNOWN	UNKNOWN	UNKNOWN	PRESENT_BUT_UNPROVEN	EXTENDED
src/components/devtools/SectionHeader.tsx	component	FOUND	UNKNOWN	UNKNOWN	UNKNOWN	PRESENT_BUT_UNPROVEN	EXTENDED
src/components/devtools/TrendGraph.tsx	component	FOUND	UNKNOWN	UNKNOWN	UNKNOWN	PRESENT_BUT_UNPROVEN	EXTENDED
src/components/devtools/MetricCard.tsx	component	FOUND	UNKNOWN	UNKNOWN	UNKNOWN	PRESENT_BUT_UNPROVEN	EXTENDED
src/components/layout/AppShell.tsx	component	FOUND	UNKNOWN	UNKNOWN	UNKNOWN	PRESENT_BUT_UNPROVEN	EXTENDED
src/components/layout/Header.tsx	component	FOUND	UNKNOWN	UNKNOWN	UNKNOWN	PRESENT_BUT_UNPROVEN	EXTENDED
src/components/layout/AppShellWithDevTools.tsx	component	FOUND	UNKNOWN	UNKNOWN	UNKNOWN	PRESENT_BUT_UNPROVEN	EXTENDED
src/components/layout/__tests__/TopNav.test.tsx	component	FOUND	UNKNOWN	UNKNOWN	UNKNOWN	PRESENT_BUT_UNPROVEN	EXTENDED
src/features/developer-mode/index.ts	feature	FOUND	UNKNOWN	UNKNOWN	UNKNOWN	PRESENT_BUT_UNPROVEN	EXTENDED
src/features/developer-mode/DeveloperModePage.tsx	feature	FOUND	UNKNOWN	UNKNOWN	UNKNOWN	PRESENT_BUT_UNPROVEN	EXTENDED
src/features/developer-mode/DeveloperModePage.css	feature	FOUND	UNKNOWN	UNKNOWN	UNKNOWN	PRESENT_BUT_UNPROVEN	EXTENDED
src/features/developer-mode/types.ts	feature	FOUND	UNKNOWN	UNKNOWN	UNKNOWN	PRESENT_BUT_UNPROVEN	EXTENDED
src/features/developer-mode/useDeveloperMode.ts	feature	FOUND	UNKNOWN	UNKNOWN	UNKNOWN	PRESENT_BUT_UNPROVEN	EXTENDED
src/features/production-health/ProductionHealthPanel.tsx	feature	FOUND	UNKNOWN	UNKNOWN	UNKNOWN	PRESENT_BUT_UNPROVEN	EXTENDED
src/features/production-health/ProductionHealthPanel.css	feature	FOUND	UNKNOWN	UNKNOWN	UNKNOWN	PRESENT_BUT_UNPROVEN	EXTENDED
src/features/menu-editor/index.ts	feature	FOUND	UNKNOWN	UNKNOWN	UNKNOWN	PRESENT_BUT_UNPROVEN	EXTENDED
src/features/menu-editor/MenuEditor.tsx	feature	FOUND	UNKNOWN	UNKNOWN	UNKNOWN	PRESENT_BUT_UNPROVEN	EXTENDED
src/features/memory/index.ts	feature	FOUND	UNKNOWN	UNKNOWN	UNKNOWN	PRESENT_BUT_UNPROVEN	EXTENDED
src/features/memory/MemoryTreeViewer.tsx	feature	FOUND	UNKNOWN	UNKNOWN	UNKNOWN	PRESENT_BUT_UNPROVEN	EXTENDED
src/features/memory/MemoryTreeViewer.css	feature	FOUND	UNKNOWN	UNKNOWN	UNKNOWN	PRESENT_BUT_UNPROVEN	EXTENDED
src/features/memory/MemorySearchPanel.css	feature	FOUND	UNKNOWN	UNKNOWN	UNKNOWN	PRESENT_BUT_UNPROVEN	EXTENDED
src/features/memory/MemorySearchPanel.tsx	feature	FOUND	UNKNOWN	UNKNOWN	UNKNOWN	PRESENT_BUT_UNPROVEN	EXTENDED
src/features/conversation/ThinkingPanel.tsx	feature	FOUND	UNKNOWN	UNKNOWN	UNKNOWN	PRESENT_BUT_UNPROVEN	EXTENDED
src/features/conversation/ChatContextPanel.tsx	feature	FOUND	UNKNOWN	UNKNOWN	UNKNOWN	PRESENT_BUT_UNPROVEN	EXTENDED
src/features/conversation/index.ts	feature	FOUND	UNKNOWN	UNKNOWN	UNKNOWN	PRESENT_BUT_UNPROVEN	EXTENDED
src/features/conversation/ThinkingPanelDemo.tsx	feature	FOUND	UNKNOWN	UNKNOWN	UNKNOWN	PRESENT_BUT_UNPROVEN	EXTENDED
src/features/conversation/ThinkingPanelDemo.css	feature	FOUND	UNKNOWN	UNKNOWN	UNKNOWN	PRESENT_BUT_UNPROVEN	EXTENDED
src/features/conversation/ChatProviderSelector.tsx	feature	FOUND	UNKNOWN	UNKNOWN	UNKNOWN	PRESENT_BUT_UNPROVEN	EXTENDED
src/features/conversation/exportImport.ts	feature	FOUND	UNKNOWN	UNKNOWN	UNKNOWN	PRESENT_BUT_UNPROVEN	EXTENDED
src/features/conversation/ChatMessage.tsx	feature	FOUND	UNKNOWN	UNKNOWN	UNKNOWN	PRESENT_BUT_UNPROVEN	EXTENDED
src/features/conversation/TypingIndicator.tsx	feature	FOUND	UNKNOWN	UNKNOWN	UNKNOWN	PRESENT_BUT_UNPROVEN	EXTENDED
src/features/conversation/ThinkingPanel.css	feature	FOUND	UNKNOWN	UNKNOWN	UNKNOWN	PRESENT_BUT_UNPROVEN	EXTENDED
src/features/conversation/ProviderStatusPanel.tsx	feature	FOUND	UNKNOWN	UNKNOWN	UNKNOWN	PRESENT_BUT_UNPROVEN	EXTENDED
src/features/audio-center/types.ts	feature	FOUND	UNKNOWN	UNKNOWN	UNKNOWN	PRESENT_BUT_UNPROVEN	EXTENDED
src/features/audio-center/services/audioService.ts	feature	FOUND	UNKNOWN	UNKNOWN	UNKNOWN	PRESENT_BUT_UNPROVEN	EXTENDED
src/features/audio-center/index.ts	feature	FOUND	UNKNOWN	UNKNOWN	UNKNOWN	PRESENT_BUT_UNPROVEN	EXTENDED
src/features/audio-center/hooks/useAudio.ts	feature	FOUND	UNKNOWN	UNKNOWN	UNKNOWN	PRESENT_BUT_UNPROVEN	EXTENDED
src/features/audio-center/AudioCenterPage.tsx	feature	FOUND	UNKNOWN	UNKNOWN	UNKNOWN	PRESENT_BUT_UNPROVEN	EXTENDED
src/features/meta-dashboard/index.ts	feature	FOUND	UNKNOWN	UNKNOWN	UNKNOWN	PRESENT_BUT_UNPROVEN	EXTENDED
src/features/meta-dashboard/MetaDashboardRouter.tsx	feature	FOUND	UNKNOWN	UNKNOWN	UNKNOWN	PRESENT_BUT_UNPROVEN	EXTENDED
src/features/identity/PersonaEditor.css	feature	FOUND	UNKNOWN	UNKNOWN	UNKNOWN	PRESENT_BUT_UNPROVEN	EXTENDED
src/features/identity/PersonaEditor.tsx	feature	FOUND	UNKNOWN	UNKNOWN	UNKNOWN	PRESENT_BUT_UNPROVEN	EXTENDED
src/features/identity/__tests__/ModeMatrix.test.tsx	feature	FOUND	UNKNOWN	UNKNOWN	UNKNOWN	PRESENT_BUT_UNPROVEN	EXTENDED
src/features/identity/__tests__/PersonaEditor.test.tsx	feature	FOUND	UNKNOWN	UNKNOWN	UNKNOWN	PRESENT_BUT_UNPROVEN	EXTENDED
src/features/identity/ModeMatrix.css	feature	FOUND	UNKNOWN	UNKNOWN	UNKNOWN	PRESENT_BUT_UNPROVEN	EXTENDED
src/features/identity/index.ts	feature	FOUND	UNKNOWN	UNKNOWN	UNKNOWN	PRESENT_BUT_UNPROVEN	EXTENDED
src/features/identity/ModeMatrix.tsx	feature	FOUND	UNKNOWN	UNKNOWN	UNKNOWN	PRESENT_BUT_UNPROVEN	EXTENDED
src/features/chat/ProviderStatusPanel.tsx	feature	FOUND	UNKNOWN	UNKNOWN	UNKNOWN	PRESENT_BUT_UNPROVEN	EXTENDED
src/features/one-core/index.ts	feature	FOUND	UNKNOWN	UNKNOWN	UNKNOWN	PRESENT_BUT_UNPROVEN	EXTENDED
src/features/one-core/OneCorePage.css	feature	FOUND	UNKNOWN	UNKNOWN	UNKNOWN	PRESENT_BUT_UNPROVEN	EXTENDED
src/features/one-core/types.ts	feature	FOUND	UNKNOWN	UNKNOWN	UNKNOWN	PRESENT_BUT_UNPROVEN	EXTENDED
src/features/one-core/OneCorePage.tsx	feature	FOUND	UNKNOWN	UNKNOWN	UNKNOWN	PRESENT_BUT_UNPROVEN	EXTENDED
src/features/one-core/useOneCore.ts	feature	FOUND	UNKNOWN	UNKNOWN	UNKNOWN	PRESENT_BUT_UNPROVEN	EXTENDED
src/features/evolution/__tests__/EvolutionTimeline.test.tsx	feature	FOUND	UNKNOWN	UNKNOWN	UNKNOWN	PRESENT_BUT_UNPROVEN	EXTENDED
src/features/evolution/index.ts	feature	FOUND	UNKNOWN	UNKNOWN	UNKNOWN	PRESENT_BUT_UNPROVEN	EXTENDED
src/features/evolution/EvolutionTimeline.tsx	feature	FOUND	UNKNOWN	UNKNOWN	UNKNOWN	PRESENT_BUT_UNPROVEN	EXTENDED
src/features/evolution/EvolutionTimeline.css	feature	FOUND	UNKNOWN	UNKNOWN	UNKNOWN	PRESENT_BUT_UNPROVEN	EXTENDED
src/features/vision/DetectionOverlay.tsx	feature	FOUND	UNKNOWN	UNKNOWN	UNKNOWN	PRESENT_BUT_UNPROVEN	EXTENDED
src/features/vision/index.ts	feature	FOUND	UNKNOWN	UNKNOWN	UNKNOWN	PRESENT_BUT_UNPROVEN	EXTENDED
src/features/vision/DetectionOverlay.css	feature	FOUND	UNKNOWN	UNKNOWN	UNKNOWN	PRESENT_BUT_UNPROVEN	EXTENDED
src/features/vision/VisionMetricsChart.css	feature	FOUND	UNKNOWN	UNKNOWN	UNKNOWN	PRESENT_BUT_UNPROVEN	EXTENDED
src/features/vision/VisionMetricsChart.tsx	feature	FOUND	UNKNOWN	UNKNOWN	UNKNOWN	PRESENT_BUT_UNPROVEN	EXTENDED
src/features/chat/ThinkingPanel.tsx	feature	FOUND	UNKNOWN	UNKNOWN	UNKNOWN	PRESENT_BUT_UNPROVEN	EXTENDED
src/features/chat/ChatContextPanel.tsx	feature	FOUND	UNKNOWN	UNKNOWN	UNKNOWN	PRESENT_BUT_UNPROVEN	EXTENDED
src/features/chat/index.ts	feature	FOUND	UNKNOWN	UNKNOWN	UNKNOWN	PRESENT_BUT_UNPROVEN	EXTENDED
src/features/chat/ThinkingPanelDemo.tsx	feature	FOUND	UNKNOWN	UNKNOWN	UNKNOWN	PRESENT_BUT_UNPROVEN	EXTENDED
src/features/chat/ThinkingPanelDemo.css	feature	FOUND	UNKNOWN	UNKNOWN	UNKNOWN	PRESENT_BUT_UNPROVEN	EXTENDED
src/features/chat/ChatProviderSelector.tsx	feature	FOUND	UNKNOWN	UNKNOWN	UNKNOWN	PRESENT_BUT_UNPROVEN	EXTENDED
src/features/chat/exportImport.ts	feature	FOUND	UNKNOWN	UNKNOWN	UNKNOWN	PRESENT_BUT_UNPROVEN	EXTENDED
src/features/chat/ChatMessage.tsx	feature	FOUND	UNKNOWN	UNKNOWN	UNKNOWN	PRESENT_BUT_UNPROVEN	EXTENDED
src/features/chat/TypingIndicator.tsx	feature	FOUND	UNKNOWN	UNKNOWN	UNKNOWN	PRESENT_BUT_UNPROVEN	EXTENDED
src/features/chat/ThinkingPanel.css	feature	FOUND	UNKNOWN	UNKNOWN	UNKNOWN	PRESENT_BUT_UNPROVEN	EXTENDED
src/features/cognitive/HarmoniaPatterns.tsx	feature	FOUND	UNKNOWN	UNKNOWN	UNKNOWN	PRESENT_BUT_UNPROVEN	EXTENDED
src/features/cognitive/HeliosVisualization.tsx	feature	FOUND	UNKNOWN	UNKNOWN	UNKNOWN	PRESENT_BUT_UNPROVEN	EXTENDED
src/features/transformation/TransformationRoadmap.tsx	feature	FOUND	UNKNOWN	UNKNOWN	UNKNOWN	PRESENT_BUT_UNPROVEN	EXTENDED
src/features/cognitive/index.ts	feature	FOUND	UNKNOWN	UNKNOWN	UNKNOWN	PRESENT_BUT_UNPROVEN	EXTENDED
src/features/cognitive/NexusGraph.tsx	feature	FOUND	UNKNOWN	UNKNOWN	UNKNOWN	PRESENT_BUT_UNPROVEN	EXTENDED
src/features/cognitive/MemoryTimeline.tsx	feature	FOUND	UNKNOWN	UNKNOWN	UNKNOWN	PRESENT_BUT_UNPROVEN	EXTENDED
src/features/progression/XPProgressBar.tsx	feature	FOUND	UNKNOWN	UNKNOWN	UNKNOWN	PRESENT_BUT_UNPROVEN	EXTENDED
src/features/transformation/TransformationRoadmap.css	feature	FOUND	UNKNOWN	UNKNOWN	UNKNOWN	PRESENT_BUT_UNPROVEN	EXTENDED
src/features/transformation/index.ts	feature	FOUND	UNKNOWN	UNKNOWN	UNKNOWN	PRESENT_BUT_UNPROVEN	EXTENDED
src/features/admin/types.ts	feature	FOUND	UNKNOWN	UNKNOWN	UNKNOWN	PRESENT_BUT_UNPROVEN	EXTENDED
src/features/transformation/__tests__/TransformationRoadmap.test.tsx	feature	FOUND	UNKNOWN	UNKNOWN	UNKNOWN	PRESENT_BUT_UNPROVEN	EXTENDED
src/features/dashboard/index.ts	feature	FOUND	UNKNOWN	UNKNOWN	UNKNOWN	PRESENT_BUT_UNPROVEN	EXTENDED
src/features/dashboard/DashboardEditor.tsx	feature	FOUND	UNKNOWN	UNKNOWN	UNKNOWN	PRESENT_BUT_UNPROVEN	EXTENDED
src/features/dashboard/RealTimeCharts.tsx	feature	FOUND	UNKNOWN	UNKNOWN	UNKNOWN	PRESENT_BUT_UNPROVEN	EXTENDED
src/features/dashboard/QuickStatCard.css	feature	FOUND	UNKNOWN	UNKNOWN	UNKNOWN	PRESENT_BUT_UNPROVEN	EXTENDED
src/features/dashboard/RealTimeCharts.css	feature	FOUND	UNKNOWN	UNKNOWN	UNKNOWN	PRESENT_BUT_UNPROVEN	EXTENDED
src/features/dashboard/QuickStatCard.tsx	feature	FOUND	UNKNOWN	UNKNOWN	UNKNOWN	PRESENT_BUT_UNPROVEN	EXTENDED
src/features/design-center/services/uiThemeIAService.ts	feature	FOUND	UNKNOWN	UNKNOWN	UNKNOWN	PRESENT_BUT_UNPROVEN	EXTENDED
src/features/progression/AchievementCard.tsx	feature	FOUND	UNKNOWN	UNKNOWN	UNKNOWN	PRESENT_BUT_UNPROVEN	EXTENDED
src/features/progression/TalentTree.tsx	feature	FOUND	UNKNOWN	UNKNOWN	UNKNOWN	PRESENT_BUT_UNPROVEN	EXTENDED
src/features/progression/achievements.ts	feature	FOUND	UNKNOWN	UNKNOWN	UNKNOWN	PRESENT_BUT_UNPROVEN	EXTENDED
src/features/progression/AchievementCard.css	feature	FOUND	UNKNOWN	UNKNOWN	UNKNOWN	PRESENT_BUT_UNPROVEN	EXTENDED
src/features/admin/AdminPage.tsx	feature	FOUND	UNKNOWN	UNKNOWN	UNKNOWN	PRESENT_BUT_UNPROVEN	EXTENDED
src/features/admin/AdminPage.css	feature	FOUND	UNKNOWN	UNKNOWN	UNKNOWN	PRESENT_BUT_UNPROVEN	EXTENDED
src/features/design-center/index.ts	feature	FOUND	UNKNOWN	UNKNOWN	UNKNOWN	PRESENT_BUT_UNPROVEN	EXTENDED
src/features/governance-center/GovernanceCenter.tsx	feature	FOUND	UNKNOWN	UNKNOWN	UNKNOWN	PRESENT_BUT_UNPROVEN	EXTENDED
src/features/kernel/SentinelAlerts.tsx	feature	FOUND	UNKNOWN	UNKNOWN	UNKNOWN	PRESENT_BUT_UNPROVEN	EXTENDED
src/features/governance-center/index.ts	feature	FOUND	UNKNOWN	UNKNOWN	UNKNOWN	PRESENT_BUT_UNPROVEN	EXTENDED
src/features/progression/index.ts	feature	FOUND	UNKNOWN	UNKNOWN	UNKNOWN	PRESENT_BUT_UNPROVEN	EXTENDED
src/features/design-center/hooks/useUIThemeCommands.ts	feature	FOUND	UNKNOWN	UNKNOWN	UNKNOWN	PRESENT_BUT_UNPROVEN	EXTENDED
src/features/governance-center/services/governanceService.ts	feature	FOUND	UNKNOWN	UNKNOWN	UNKNOWN	PRESENT_BUT_UNPROVEN	EXTENDED
src/features/design-center/hooks/useUITheme.ts	feature	FOUND	UNKNOWN	UNKNOWN	UNKNOWN	PRESENT_BUT_UNPROVEN	EXTENDED
src/features/governance-center/GovernanceCenterPage.tsx	feature	FOUND	UNKNOWN	UNKNOWN	UNKNOWN	PRESENT_BUT_UNPROVEN	EXTENDED
src/features/design-center/DesignCenterPage.tsx	feature	FOUND	UNKNOWN	UNKNOWN	UNKNOWN	PRESENT_BUT_UNPROVEN	EXTENDED
src/features/kernel/EvolutionPipeline.tsx	feature	FOUND	UNKNOWN	UNKNOWN	UNKNOWN	PRESENT_BUT_UNPROVEN	EXTENDED
src/features/kernel/HarmoniaFlow.tsx	feature	FOUND	UNKNOWN	UNKNOWN	UNKNOWN	PRESENT_BUT_UNPROVEN	EXTENDED
src/features/kernel/HeliosView.tsx	feature	FOUND	UNKNOWN	UNKNOWN	UNKNOWN	PRESENT_BUT_UNPROVEN	EXTENDED
src/features/admin/index.ts	feature	FOUND	UNKNOWN	UNKNOWN	UNKNOWN	PRESENT_BUT_UNPROVEN	EXTENDED
src/features/kernel/index.ts	feature	FOUND	UNKNOWN	UNKNOWN	UNKNOWN	PRESENT_BUT_UNPROVEN	EXTENDED
src/features/governance-center/types.ts	feature	FOUND	UNKNOWN	UNKNOWN	UNKNOWN	PRESENT_BUT_UNPROVEN	EXTENDED
src/features/kernel/MemoryGraph.tsx	feature	FOUND	UNKNOWN	UNKNOWN	UNKNOWN	PRESENT_BUT_UNPROVEN	EXTENDED
src/features/design-center/providers/UIThemeProvider.tsx	feature	FOUND	UNKNOWN	UNKNOWN	UNKNOWN	PRESENT_BUT_UNPROVEN	EXTENDED
src/features/kernel/NexusMesh.tsx	feature	FOUND	UNKNOWN	UNKNOWN	UNKNOWN	PRESENT_BUT_UNPROVEN	EXTENDED
src/features/governance-center/components/AIProvidersTester.tsx	feature	FOUND	UNKNOWN	UNKNOWN	UNKNOWN	PRESENT_BUT_UNPROVEN	EXTENDED
src/features/governance-center/hooks/useGovernance.ts	feature	FOUND	UNKNOWN	UNKNOWN	UNKNOWN	PRESENT_BUT_UNPROVEN	EXTENDED
src/features/governance-center/components/APIProviderCard.tsx	feature	FOUND	UNKNOWN	UNKNOWN	UNKNOWN	PRESENT_BUT_UNPROVEN	EXTENDED
src/features/design-center/tabs/AppearanceTab.tsx	feature	FOUND	UNKNOWN	UNKNOWN	UNKNOWN	PRESENT_BUT_UNPROVEN	EXTENDED
src/features/design-center/tabs/DesignSystemTab.tsx	feature	FOUND	UNKNOWN	UNKNOWN	UNKNOWN	PRESENT_BUT_UNPROVEN	EXTENDED
src/features/design-center/types/designCenter.types.ts	feature	FOUND	UNKNOWN	UNKNOWN	UNKNOWN	PRESENT_BUT_UNPROVEN	EXTENDED
src/features/governance-center/tabs/SecurityLogTab.tsx	feature	FOUND	UNKNOWN	UNKNOWN	UNKNOWN	PRESENT_BUT_UNPROVEN	EXTENDED
src/features/governance-center/tabs/PoliciesTab.tsx	feature	FOUND	UNKNOWN	UNKNOWN	UNKNOWN	PRESENT_BUT_UNPROVEN	EXTENDED
src/features/governance-center/tabs/PermissionsTab.tsx	feature	FOUND	UNKNOWN	UNKNOWN	UNKNOWN	PRESENT_BUT_UNPROVEN	EXTENDED
src/features/governance-center/tabs/SecretsTab.tsx	feature	FOUND	UNKNOWN	UNKNOWN	UNKNOWN	PRESENT_BUT_UNPROVEN	EXTENDED
src/features/system-center/types/systemCenter.types.ts	feature	FOUND	UNKNOWN	UNKNOWN	UNKNOWN	PRESENT_BUT_UNPROVEN	EXTENDED
src/features/system-center/types/debuggerLiveOS.types.ts	feature	FOUND	UNKNOWN	UNKNOWN	UNKNOWN	PRESENT_BUT_UNPROVEN	EXTENDED
src/features/system-center/SystemCenterPage.tsx	feature	FOUND	UNKNOWN	UNKNOWN	UNKNOWN	PRESENT_BUT_UNPROVEN	EXTENDED
src/features/system-center/SystemCenterPage.css	feature	FOUND	UNKNOWN	UNKNOWN	UNKNOWN	PRESENT_BUT_UNPROVEN	EXTENDED
src/features/system-center/index.ts	feature	FOUND	UNKNOWN	UNKNOWN	UNKNOWN	PRESENT_BUT_UNPROVEN	EXTENDED
src/features/system-center/tabs/DiagnosticsTab.tsx	feature	FOUND	UNKNOWN	UNKNOWN	UNKNOWN	PRESENT_BUT_UNPROVEN	EXTENDED
src/features/system-center/tabs/IntrospectionTab.tsx	feature	FOUND	UNKNOWN	UNKNOWN	UNKNOWN	PRESENT_BUT_UNPROVEN	EXTENDED
src/features/system-center/tabs/NodeClusterTab.tsx	feature	FOUND	UNKNOWN	UNKNOWN	UNKNOWN	PRESENT_BUT_UNPROVEN	EXTENDED
src/features/system-center/tabs/DevToolsTab.tsx	feature	FOUND	UNKNOWN	UNKNOWN	UNKNOWN	PRESENT_BUT_UNPROVEN	EXTENDED
src/features/system-center/tabs/HyperVisionTab.tsx	feature	FOUND	UNKNOWN	UNKNOWN	UNKNOWN	PRESENT_BUT_UNPROVEN	EXTENDED
src/features/system-center/utils/errorMessages.ts	feature	FOUND	UNKNOWN	UNKNOWN	UNKNOWN	PRESENT_BUT_UNPROVEN	EXTENDED
src/features/system-center/components/SystemCenterErrorBoundary.tsx	feature	FOUND	UNKNOWN	UNKNOWN	UNKNOWN	PRESENT_BUT_UNPROVEN	EXTENDED
src/features/system-center/hooks/useIntrospection.ts	feature	FOUND	UNKNOWN	UNKNOWN	UNKNOWN	PRESENT_BUT_UNPROVEN	EXTENDED
src/features/system-center/hooks/useSystemDiagnostics.ts	feature	FOUND	UNKNOWN	UNKNOWN	UNKNOWN	PRESENT_BUT_UNPROVEN	EXTENDED
src/features/system-center/hooks/useDebuggerLiveOS.ts	feature	FOUND	UNKNOWN	UNKNOWN	UNKNOWN	PRESENT_BUT_UNPROVEN	EXTENDED
src/features/system-center/hooks/useNodeCluster.ts	feature	FOUND	UNKNOWN	UNKNOWN	UNKNOWN	PRESENT_BUT_UNPROVEN	EXTENDED
src/features/system-center/hooks/useSystemLogs.ts	feature	FOUND	UNKNOWN	UNKNOWN	UNKNOWN	PRESENT_BUT_UNPROVEN	EXTENDED
src/features/system-center/hooks/useHyperVision.ts	feature	FOUND	UNKNOWN	UNKNOWN	UNKNOWN	PRESENT_BUT_UNPROVEN	EXTENDED
src/features/qa-monitoring/QAMonitoringPage.tsx	feature	FOUND	UNKNOWN	UNKNOWN	UNKNOWN	PRESENT_BUT_UNPROVEN	EXTENDED
src/features/qa-monitoring/index.ts	feature	FOUND	UNKNOWN	UNKNOWN	UNKNOWN	PRESENT_BUT_UNPROVEN	EXTENDED
src/features/qa-monitoring/QAMonitoringPage.css	feature	FOUND	UNKNOWN	UNKNOWN	UNKNOWN	PRESENT_BUT_UNPROVEN	EXTENDED
src/features/qa-monitoring/types.ts	feature	FOUND	UNKNOWN	UNKNOWN	UNKNOWN	PRESENT_BUT_UNPROVEN	EXTENDED
src/features/qa-monitoring/useQAMonitoring.ts	feature	FOUND	UNKNOWN	UNKNOWN	UNKNOWN	PRESENT_BUT_UNPROVEN	EXTENDED
