file	line	call_type	symbol	proof_level
src/cognitive/memory/memoryEngine.ts	436	invoke-call	CALL_SITE	PROVEN_STATIC_ONLY
src/__tests__/singularity-fusion-integration.test.ts	16	invoke-call	CALL_SITE	PROVEN_STATIC_ONLY
src/__tests__/singularity-fusion-integration.test.ts	24	invoke-call	CALL_SITE	PROVEN_STATIC_ONLY
src/__tests__/singularity-fusion-integration.test.ts	31	invoke-call	CALL_SITE	PROVEN_STATIC_ONLY
src/__tests__/singularity-fusion-integration.test.ts	38	invoke-call	CALL_SITE	PROVEN_STATIC_ONLY
src/__tests__/singularity-fusion-integration.test.ts	46	invoke-call	CALL_SITE	PROVEN_STATIC_ONLY
src/__tests__/singularity-fusion-integration.test.ts	53	invoke-call	CALL_SITE	PROVEN_STATIC_ONLY
src/__tests__/singularity-fusion-integration.test.ts	62	invoke-call	CALL_SITE	PROVEN_STATIC_ONLY
src/__tests__/singularity-fusion-integration.test.ts	71	invoke-call	CALL_SITE	PROVEN_STATIC_ONLY
src/__tests__/singularity-fusion-integration.test.ts	81	invoke-call	CALL_SITE	PROVEN_STATIC_ONLY
src/__tests__/singularity-fusion-integration.test.ts	90	invoke-call	CALL_SITE	PROVEN_STATIC_ONLY
src/__tests__/singularity-fusion-integration.test.ts	97	invoke-call	CALL_SITE	PROVEN_STATIC_ONLY
src/__tests__/singularity-fusion-integration.test.ts	104	invoke-call	CALL_SITE	PROVEN_STATIC_ONLY
src/__tests__/singularity-fusion-integration.test.ts	109	invoke-call	CALL_SITE	PROVEN_STATIC_ONLY
src/__tests__/singularity-fusion-integration.test.ts	114	invoke-call	CALL_SITE	PROVEN_STATIC_ONLY
src/__tests__/singularity-fusion-integration.test.ts	122	invoke-call	CALL_SITE	PROVEN_STATIC_ONLY
src/__tests__/singularity-fusion-integration.test.ts	129	invoke-call	CALL_SITE	PROVEN_STATIC_ONLY
src/__tests__/singularity-fusion-integration.test.ts	134	invoke-call	CALL_SITE	PROVEN_STATIC_ONLY
src/__tests__/singularity-fusion-integration.test.ts	142	invoke-call	CALL_SITE	PROVEN_STATIC_ONLY
src/__tests__/singularity-fusion-integration.test.ts	148	invoke-call	CALL_SITE	PROVEN_STATIC_ONLY
src/__tests__/singularity-fusion-integration.test.ts	155	invoke-call	CALL_SITE	PROVEN_STATIC_ONLY
src/__tests__/singularity-fusion-integration.test.ts	164	invoke-call	CALL_SITE	PROVEN_STATIC_ONLY
src/__tests__/singularity-fusion-integration.test.ts	168	invoke-call	CALL_SITE	PROVEN_STATIC_ONLY
src/__tests__/singularity-fusion-integration.test.ts	172	invoke-call	CALL_SITE	PROVEN_STATIC_ONLY
src/__tests__/singularity-fusion-integration.test.ts	178	invoke-call	CALL_SITE	PROVEN_STATIC_ONLY
src/__tests__/singularity-fusion-integration.test.ts	183	invoke-call	CALL_SITE	PROVEN_STATIC_ONLY
src/__tests__/singularity-fusion-integration.test.ts	188	invoke-call	CALL_SITE	PROVEN_STATIC_ONLY
src/__tests__/singularity-fusion-integration.test.ts	196	invoke-call	CALL_SITE	PROVEN_STATIC_ONLY
src/__tests__/singularity-fusion-integration.test.ts	202	invoke-call	CALL_SITE	PROVEN_STATIC_ONLY
src/__tests__/singularity-fusion-integration.test.ts	209	invoke-call	CALL_SITE	PROVEN_STATIC_ONLY
src/__tests__/singularity-fusion-integration.test.ts	215	invoke-call	CALL_SITE	PROVEN_STATIC_ONLY
src/__tests__/singularity-fusion-integration.test.ts	219	invoke-call	CALL_SITE	PROVEN_STATIC_ONLY
src/__tests__/singularity-fusion-integration.test.ts	225	invoke-call	CALL_SITE	PROVEN_STATIC_ONLY
src/__tests__/singularity-fusion-integration.test.ts	229	invoke-call	CALL_SITE	PROVEN_STATIC_ONLY
src/__tests__/singularity-fusion-integration.test.ts	233	invoke-call	CALL_SITE	PROVEN_STATIC_ONLY
src/__tests__/singularity-fusion-integration.test.ts	236	invoke-call	CALL_SITE	PROVEN_STATIC_ONLY
src/__tests__/singularity-fusion-integration.test.ts	243	invoke-call	CALL_SITE	PROVEN_STATIC_ONLY
src/__tests__/singularity-fusion-integration.test.ts	244	invoke-call	CALL_SITE	PROVEN_STATIC_ONLY
src/__tests__/singularity-fusion-integration.test.ts	245	invoke-call	CALL_SITE	PROVEN_STATIC_ONLY
src/__tests__/singularity-fusion-integration.test.ts	249	invoke-call	CALL_SITE	PROVEN_STATIC_ONLY
src/__tests__/singularity-fusion-integration.test.ts	258	invoke-call	CALL_SITE	PROVEN_STATIC_ONLY
src/__tests__/singularity-fusion-integration.test.ts	259	invoke-call	CALL_SITE	PROVEN_STATIC_ONLY
src/__tests__/singularity-fusion-integration.test.ts	260	invoke-call	CALL_SITE	PROVEN_STATIC_ONLY
src/__tests__/singularity-fusion-integration.test.ts	261	invoke-call	CALL_SITE	PROVEN_STATIC_ONLY
src/__tests__/singularity-fusion-integration.test.ts	264	invoke-call	CALL_SITE	PROVEN_STATIC_ONLY
src/__tests__/singularity-fusion-integration.test.ts	267	invoke-call	CALL_SITE	PROVEN_STATIC_ONLY
src/__tests__/singularity-fusion-integration.test.ts	272	invoke-call	CALL_SITE	PROVEN_STATIC_ONLY
src/__tests__/singularity-fusion-integration.test.ts	274	invoke-call	CALL_SITE	PROVEN_STATIC_ONLY
src/__tests__/singularity-fusion-integration.test.ts	280	invoke-call	CALL_SITE	PROVEN_STATIC_ONLY
src/__tests__/singularity-fusion-integration.test.ts	283	invoke-call	CALL_SITE	PROVEN_STATIC_ONLY
src/__tests__/singularity-fusion-integration.test.ts	286	invoke-call	CALL_SITE	PROVEN_STATIC_ONLY
src/cognitive/evolution/evolutionEngine.ts	303	invoke-call	CALL_SITE	PROVEN_STATIC_ONLY
src/cognitive/evolution/evolutionEngine.ts	388	invoke-call	CALL_SITE	PROVEN_STATIC_ONLY
src/__tests__/singularity-fusion-mocked.test.ts	83	invoke-call	CALL_SITE	PROVEN_STATIC_ONLY
src/__tests__/singularity-fusion-mocked.test.ts	95	invoke-call	CALL_SITE	PROVEN_STATIC_ONLY
src/__tests__/singularity-fusion-mocked.test.ts	104	invoke-call	CALL_SITE	PROVEN_STATIC_ONLY
src/__tests__/singularity-fusion-mocked.test.ts	114	invoke-call	CALL_SITE	PROVEN_STATIC_ONLY
src/__tests__/singularity-fusion-mocked.test.ts	126	invoke-call	CALL_SITE	PROVEN_STATIC_ONLY
src/__tests__/singularity-fusion-mocked.test.ts	140	invoke-call	CALL_SITE	PROVEN_STATIC_ONLY
src/__tests__/singularity-fusion-mocked.test.ts	149	invoke-call	CALL_SITE	PROVEN_STATIC_ONLY
src/__tests__/singularity-fusion-mocked.test.ts	158	invoke-call	CALL_SITE	PROVEN_STATIC_ONLY
src/__tests__/singularity-fusion-mocked.test.ts	171	invoke-call	CALL_SITE	PROVEN_STATIC_ONLY
src/__tests__/singularity-fusion-mocked.test.ts	182	invoke-call	CALL_SITE	PROVEN_STATIC_ONLY
src/__tests__/singularity-fusion-mocked.test.ts	188	invoke-call	CALL_SITE	PROVEN_STATIC_ONLY
src/__tests__/singularity-fusion-mocked.test.ts	195	invoke-call	CALL_SITE	PROVEN_STATIC_ONLY
src/__tests__/singularity-fusion-mocked.test.ts	199	invoke-call	CALL_SITE	PROVEN_STATIC_ONLY
src/__tests__/singularity-fusion-mocked.test.ts	206	invoke-call	CALL_SITE	PROVEN_STATIC_ONLY
src/__tests__/singularity-fusion-mocked.test.ts	207	invoke-call	CALL_SITE	PROVEN_STATIC_ONLY
src/__tests__/singularity-fusion-mocked.test.ts	208	invoke-call	CALL_SITE	PROVEN_STATIC_ONLY
src/cognitive/knowledge/knowledgeVault.ts	292	invoke-call	CALL_SITE	PROVEN_STATIC_ONLY
src/cognitive/knowledge/knowledgeVault.ts	552	invoke-call	CALL_SITE	PROVEN_STATIC_ONLY
src/context/TitanStateContext.tsx	438	invoke-call	CALL_SITE	PROVEN_STATIC_ONLY
src/context/TitanStateContext.tsx	450	invoke-call	CALL_SITE	PROVEN_STATIC_ONLY
src/context/TitanStateContext.tsx	461	invoke-call	CALL_SITE	PROVEN_STATIC_ONLY
src/context/TitanStateContext.tsx	496	invoke-call	CALL_SITE	PROVEN_STATIC_ONLY
src/context/TitanStateContext.tsx	547	invoke-call	CALL_SITE	PROVEN_STATIC_ONLY
src/cognitive/progression/xpEngine.ts	458	invoke-call	CALL_SITE	PROVEN_STATIC_ONLY
src/__tests__/e2e-automated-validation.test.tsx	1949	invoke-call	CALL_SITE	PROVEN_STATIC_ONLY
src/__tests__/e2e-automated-validation.test.tsx	1953	invoke-call	CALL_SITE	PROVEN_STATIC_ONLY
src/__tests__/e2e-automated-validation.test.tsx	1986	invoke-call	CALL_SITE	PROVEN_STATIC_ONLY
src/__tests__/e2e-automated-validation.test.tsx	1987	invoke-call	CALL_SITE	PROVEN_STATIC_ONLY
src/__tests__/e2e-automated-validation.test.tsx	1988	invoke-call	CALL_SITE	PROVEN_STATIC_ONLY
src/__tests__/e2e-automated-validation.test.tsx	1995	invoke-call	CALL_SITE	PROVEN_STATIC_ONLY
src/__tests__/e2e-automated-validation.test.tsx	2000	invoke-call	CALL_SITE	PROVEN_STATIC_ONLY
src/__tests__/e2e-automated-validation.test.tsx	2007	invoke-call	CALL_SITE	PROVEN_STATIC_ONLY
src/__tests__/e2e-automated-validation.test.tsx	2025	invoke-call	CALL_SITE	PROVEN_STATIC_ONLY
src/__tests__/e2e-automated-validation.test.tsx	2029	invoke-call	CALL_SITE	PROVEN_STATIC_ONLY
src/__tests__/e2e-automated-validation.test.tsx	2049	invoke-call	CALL_SITE	PROVEN_STATIC_ONLY
src/__tests__/e2e-automated-validation.test.tsx	2050	invoke-call	CALL_SITE	PROVEN_STATIC_ONLY
src/__tests__/e2e-automated-validation.test.tsx	2066	invoke-call	CALL_SITE	PROVEN_STATIC_ONLY
src/__tests__/e2e-automated-validation.test.tsx	2070	invoke-call	CALL_SITE	PROVEN_STATIC_ONLY
src/__tests__/e2e-automated-validation.test.tsx	2086	invoke-call	CALL_SITE	PROVEN_STATIC_ONLY
src/__tests__/e2e-automated-validation.test.tsx	2102	invoke-call	CALL_SITE	PROVEN_STATIC_ONLY
src/__tests__/e2e-automated-validation.test.tsx	2103	invoke-call	CALL_SITE	PROVEN_STATIC_ONLY
src/__tests__/e2e-automated-validation.test.tsx	2104	invoke-call	CALL_SITE	PROVEN_STATIC_ONLY
src/__tests__/e2e-automated-validation.test.tsx	2127	invoke-call	CALL_SITE	PROVEN_STATIC_ONLY
src/__tests__/e2e-automated-validation.test.tsx	2128	invoke-call	CALL_SITE	PROVEN_STATIC_ONLY
src/__tests__/e2e-automated-validation.test.tsx	2132	invoke-call	CALL_SITE	PROVEN_STATIC_ONLY
src/__tests__/e2e-automated-validation.test.tsx	2140	invoke-call	CALL_SITE	PROVEN_STATIC_ONLY
src/__tests__/e2e-automated-validation.test.tsx	2151	invoke-call	CALL_SITE	PROVEN_STATIC_ONLY
src/__tests__/e2e-automated-validation.test.tsx	2152	invoke-call	CALL_SITE	PROVEN_STATIC_ONLY
src/__tests__/e2e-automated-validation.test.tsx	2153	invoke-call	CALL_SITE	PROVEN_STATIC_ONLY
src/__tests__/e2e-automated-validation.test.tsx	2154	invoke-call	CALL_SITE	PROVEN_STATIC_ONLY
src/__tests__/e2e-automated-validation.test.tsx	2167	invoke-call	CALL_SITE	PROVEN_STATIC_ONLY
src/__tests__/e2e-automated-validation.test.tsx	2183	invoke-call	CALL_SITE	PROVEN_STATIC_ONLY
src/__tests__/e2e-automated-validation.test.tsx	2189	invoke-call	CALL_SITE	PROVEN_STATIC_ONLY
src/__tests__/e2e-automated-validation.test.tsx	2193	invoke-call	CALL_SITE	PROVEN_STATIC_ONLY
src/__tests__/e2e-automated-validation.test.tsx	2197	invoke-call	CALL_SITE	PROVEN_STATIC_ONLY
src/__tests__/e2e-automated-validation.test.tsx	2201	invoke-call	CALL_SITE	PROVEN_STATIC_ONLY
src/core/commands/TAURI_COMMANDS.ts	222	invoke-call	CALL_SITE	PROVEN_STATIC_ONLY
src/__tests__/integration/TauriIntegration.test.tsx	33	invoke-call	CALL_SITE	PROVEN_STATIC_ONLY
src/__tests__/integration/TauriIntegration.test.tsx	42	invoke-call	CALL_SITE	PROVEN_STATIC_ONLY
src/__tests__/integration/TauriIntegration.test.tsx	53	invoke-call	CALL_SITE	PROVEN_STATIC_ONLY
src/__tests__/integration/TauriIntegration.test.tsx	144	invoke-call	CALL_SITE	PROVEN_STATIC_ONLY
src/__tests__/integration/TauriIntegration.test.tsx	158	invoke-call	CALL_SITE	PROVEN_STATIC_ONLY
src/__tests__/integration/TauriIntegration.test.tsx	166	invoke-call	CALL_SITE	PROVEN_STATIC_ONLY
src/__tests__/integration/TauriIntegration.test.tsx	180	invoke-call	CALL_SITE	PROVEN_STATIC_ONLY
src/__tests__/integration/TauriIntegration.test.tsx	199	invoke-call	CALL_SITE	PROVEN_STATIC_ONLY
src/__tests__/integration/TauriIntegration.test.tsx	200	invoke-call	CALL_SITE	PROVEN_STATIC_ONLY
src/__tests__/lib/security/secureInvokeAbort.test.ts	29	invoke-call	CALL_SITE	PROVEN_STATIC_ONLY
src/core/realtime/RealTimeExecutionEngine.ts	353	invoke-call	CALL_SITE	PROVEN_STATIC_ONLY
src/core/devops/LocalAgentEngine.ts	960	invoke-call	CALL_SITE	PROVEN_STATIC_ONLY
src/core/devops/LocalAgentEngine.ts	972	invoke-call	CALL_SITE	PROVEN_STATIC_ONLY
src/core/devops/VisualDevOpsEngine.ts	816	invoke-call	CALL_SITE	PROVEN_STATIC_ONLY
src/core/healing/AutoFixEngine.ts	272	invoke-call	CALL_SITE	PROVEN_STATIC_ONLY
src/core/healing/AutoFixEngine.ts	277	invoke-call	CALL_SITE	PROVEN_STATIC_ONLY
src/core/healing/AutoFixEngine.ts	286	invoke-call	CALL_SITE	PROVEN_STATIC_ONLY
src/core/healing/AutoFixEngine.ts	291	invoke-call	CALL_SITE	PROVEN_STATIC_ONLY
src/core/healing/AutoFixEngine.ts	298	invoke-call	CALL_SITE	PROVEN_STATIC_ONLY
src/core/healing/AutoFixEngine.ts	309	invoke-call	CALL_SITE	PROVEN_STATIC_ONLY
src/core/healing/AutoFixEngine.ts	316	invoke-call	CALL_SITE	PROVEN_STATIC_ONLY
src/core/healing/AutoHealEngine.ts	235	invoke-call	CALL_SITE	PROVEN_STATIC_ONLY
src/core/healing/AutoHealEngine.ts	238	invoke-call	CALL_SITE	PROVEN_STATIC_ONLY
src/core/healing/AutoHealEngine.ts	243	invoke-call	CALL_SITE	PROVEN_STATIC_ONLY
src/core/healing/AutoHealEngine.ts	248	invoke-call	CALL_SITE	PROVEN_STATIC_ONLY
src/core/healing/AutoHealEngine.ts	251	invoke-call	CALL_SITE	PROVEN_STATIC_ONLY
src/core/healing/AutoHealEngine.ts	256	invoke-call	CALL_SITE	PROVEN_STATIC_ONLY
src/core/healing/AutoHealEngine.ts	259	invoke-call	CALL_SITE	PROVEN_STATIC_ONLY
src/core/healing/AutoHealEngine.ts	262	invoke-call	CALL_SITE	PROVEN_STATIC_ONLY
src/core/healing/AutoHealEngine.ts	267	invoke-call	CALL_SITE	PROVEN_STATIC_ONLY
src/core/healing/AutoHealEngine.ts	270	invoke-call	CALL_SITE	PROVEN_STATIC_ONLY
src/core/healing/AutoHealEngine.ts	275	invoke-call	CALL_SITE	PROVEN_STATIC_ONLY
src/core/healing/AutoHealEngine.ts	280	invoke-call	CALL_SITE	PROVEN_STATIC_ONLY
src/core/healing/AutoHealEngine.ts	283	invoke-call	CALL_SITE	PROVEN_STATIC_ONLY
src/core/healing/AutoHealEngine.ts	288	invoke-call	CALL_SITE	PROVEN_STATIC_ONLY
src/core/healing/AutoHealEngine.ts	291	invoke-call	CALL_SITE	PROVEN_STATIC_ONLY
src/core/healing/AutoHealEngine.ts	294	invoke-call	CALL_SITE	PROVEN_STATIC_ONLY
src/core/healing/AutoHealEngine.ts	304	invoke-call	CALL_SITE	PROVEN_STATIC_ONLY
src/modules/vocalDev/VocalDevConsoleEngine.ts	337	invoke-call	CALL_SITE	PROVEN_STATIC_ONLY
src/modules/vocalDev/VocalDevConsoleEngine.ts	859	invoke-call	CALL_SITE	PROVEN_STATIC_ONLY
src/modules/vocalDev/VocalDevConsoleEngine.ts	886	invoke-call	CALL_SITE	PROVEN_STATIC_ONLY
src/core/optimization/PerformanceOptimizer.ts	267	invoke-call	CALL_SITE	PROVEN_STATIC_ONLY
src/core/optimization/PerformanceOptimizer.ts	291	invoke-call	CALL_SITE	PROVEN_STATIC_ONLY
src/core/optimization/PerformanceOptimizer.ts	314	invoke-call	CALL_SITE	PROVEN_STATIC_ONLY
src/core/optimization/PerformanceOptimizer.ts	336	invoke-call	CALL_SITE	PROVEN_STATIC_ONLY
src/core/optimization/PerformanceOptimizer.ts	401	invoke-call	CALL_SITE	PROVEN_STATIC_ONLY
src/modules/avatar/fullbody/fullbody_engine.ts	133	invoke-call	CALL_SITE	PROVEN_STATIC_ONLY
src/utils/invoke.ts	94	invoke-call	CALL_SITE	PROVEN_STATIC_ONLY
src/utils/invoke.ts	119	invoke-call	CALL_SITE	PROVEN_STATIC_ONLY
src/utils/invoke.ts	160	invoke-call	CALL_SITE	PROVEN_STATIC_ONLY
src/utils/tauriCommandMapper.ts	174	invoke-call	CALL_SITE	PROVEN_STATIC_ONLY
src/hooks/useMultimodalPresence.ts	285	invoke-call	CALL_SITE	PROVEN_STATIC_ONLY
src/hooks/useMultimodalPresence.ts	296	invoke-call	CALL_SITE	PROVEN_STATIC_ONLY
src/lib/security.ts	1743	invoke-call	CALL_SITE	PROVEN_STATIC_ONLY
src/lib/security.ts	1975	invoke-call	CALL_SITE	PROVEN_STATIC_ONLY
src/hooks/useControlPanelSection.ts	71	invoke-call	CALL_SITE	PROVEN_STATIC_ONLY
src/hooks/useDevicePermissions.ts	266	invoke-call	CALL_SITE	PROVEN_STATIC_ONLY
src/hooks/useSingularityStore.ts	24	invoke-call	CALL_SITE	PROVEN_STATIC_ONLY
src/hooks/useSingularitySync.ts	152	invoke-call	CALL_SITE	PROVEN_STATIC_ONLY
src/lib/tauriClient.ts	5	invoke-call	CALL_SITE	PROVEN_STATIC_ONLY
src/lib/tauriClient.ts	53	invoke-call	CALL_SITE	PROVEN_STATIC_ONLY
src/lib/tauriClient.ts	108	invoke-call	CALL_SITE	PROVEN_STATIC_ONLY
src/lib/tauriClient.ts	115	invoke-call	CALL_SITE	PROVEN_STATIC_ONLY
src/lib/tauriClient.ts	122	invoke-call	CALL_SITE	PROVEN_STATIC_ONLY
src/lib/tauriClient.ts	129	invoke-call	CALL_SITE	PROVEN_STATIC_ONLY
src/lib/tauriClient.ts	136	invoke-call	CALL_SITE	PROVEN_STATIC_ONLY
src/lib/tauriClient.ts	143	invoke-call	CALL_SITE	PROVEN_STATIC_ONLY
src/lib/tauriClient.ts	150	invoke-call	CALL_SITE	PROVEN_STATIC_ONLY
src/lib/tauriClient.ts	157	invoke-call	CALL_SITE	PROVEN_STATIC_ONLY
src/lib/tauriClient.ts	164	invoke-call	CALL_SITE	PROVEN_STATIC_ONLY
src/lib/tauriClient.ts	171	invoke-call	CALL_SITE	PROVEN_STATIC_ONLY
src/lib/tauriClient.ts	178	invoke-call	CALL_SITE	PROVEN_STATIC_ONLY
src/lib/tauriClient.ts	185	invoke-call	CALL_SITE	PROVEN_STATIC_ONLY
src/lib/tauriClient.ts	192	invoke-call	CALL_SITE	PROVEN_STATIC_ONLY
src/lib/tauriClient.ts	199	invoke-call	CALL_SITE	PROVEN_STATIC_ONLY
src/lib/tauriClient.ts	206	invoke-call	CALL_SITE	PROVEN_STATIC_ONLY
src/lib/tauriClient.ts	213	invoke-call	CALL_SITE	PROVEN_STATIC_ONLY
src/lib/tauriClient.ts	220	invoke-call	CALL_SITE	PROVEN_STATIC_ONLY
src/lib/tauriClient.ts	227	invoke-call	CALL_SITE	PROVEN_STATIC_ONLY
src/lib/tauriClient.ts	234	invoke-call	CALL_SITE	PROVEN_STATIC_ONLY
src/lib/tauriClient.ts	241	invoke-call	CALL_SITE	PROVEN_STATIC_ONLY
src/lib/tauriClient.ts	248	invoke-call	CALL_SITE	PROVEN_STATIC_ONLY
src/lib/tauriClient.ts	255	invoke-call	CALL_SITE	PROVEN_STATIC_ONLY
src/lib/tauriClient.ts	262	invoke-call	CALL_SITE	PROVEN_STATIC_ONLY
src/lib/tauriClient.ts	269	invoke-call	CALL_SITE	PROVEN_STATIC_ONLY
src/lib/tauriClient.ts	276	invoke-call	CALL_SITE	PROVEN_STATIC_ONLY
src/lib/tauriClient.ts	283	invoke-call	CALL_SITE	PROVEN_STATIC_ONLY
src/lib/tauriClient.ts	290	invoke-call	CALL_SITE	PROVEN_STATIC_ONLY
src/lib/tauriClient.ts	297	invoke-call	CALL_SITE	PROVEN_STATIC_ONLY
src/lib/tauriClient.ts	304	invoke-call	CALL_SITE	PROVEN_STATIC_ONLY
src/lib/tauriClient.ts	311	invoke-call	CALL_SITE	PROVEN_STATIC_ONLY
src/lib/tauriClient.ts	318	invoke-call	CALL_SITE	PROVEN_STATIC_ONLY
src/lib/tauriClient.ts	325	invoke-call	CALL_SITE	PROVEN_STATIC_ONLY
src/lib/tauriClient.ts	332	invoke-call	CALL_SITE	PROVEN_STATIC_ONLY
src/lib/tauriClient.ts	339	invoke-call	CALL_SITE	PROVEN_STATIC_ONLY
src/lib/tauriClient.ts	346	invoke-call	CALL_SITE	PROVEN_STATIC_ONLY
src/lib/tauriClient.ts	353	invoke-call	CALL_SITE	PROVEN_STATIC_ONLY
src/lib/tauriClient.ts	360	invoke-call	CALL_SITE	PROVEN_STATIC_ONLY
src/lib/tauriClient.ts	367	invoke-call	CALL_SITE	PROVEN_STATIC_ONLY
src/lib/tauriClient.ts	374	invoke-call	CALL_SITE	PROVEN_STATIC_ONLY
src/lib/tauriClient.ts	381	invoke-call	CALL_SITE	PROVEN_STATIC_ONLY
src/lib/tauriClient.ts	388	invoke-call	CALL_SITE	PROVEN_STATIC_ONLY
src/lib/tauriClient.ts	395	invoke-call	CALL_SITE	PROVEN_STATIC_ONLY
src/lib/tauriClient.ts	402	invoke-call	CALL_SITE	PROVEN_STATIC_ONLY
src/lib/tauriClient.ts	409	invoke-call	CALL_SITE	PROVEN_STATIC_ONLY
src/lib/tauriClient.ts	416	invoke-call	CALL_SITE	PROVEN_STATIC_ONLY
src/lib/tauriClient.ts	423	invoke-call	CALL_SITE	PROVEN_STATIC_ONLY
src/lib/tauriClient.ts	430	invoke-call	CALL_SITE	PROVEN_STATIC_ONLY
src/lib/tauriClient.ts	439	invoke-call	CALL_SITE	PROVEN_STATIC_ONLY
src/lib/tauriClient.ts	446	invoke-call	CALL_SITE	PROVEN_STATIC_ONLY
src/lib/tauriClient.ts	453	invoke-call	CALL_SITE	PROVEN_STATIC_ONLY
src/lib/tauriClient.ts	460	invoke-call	CALL_SITE	PROVEN_STATIC_ONLY
src/lib/tauriClient.ts	467	invoke-call	CALL_SITE	PROVEN_STATIC_ONLY
src/lib/tauriClient.ts	474	invoke-call	CALL_SITE	PROVEN_STATIC_ONLY
src/lib/tauriClient.ts	481	invoke-call	CALL_SITE	PROVEN_STATIC_ONLY
src/lib/tauriClient.ts	488	invoke-call	CALL_SITE	PROVEN_STATIC_ONLY
src/lib/tauriClient.ts	495	invoke-call	CALL_SITE	PROVEN_STATIC_ONLY
src/lib/tauriClient.ts	502	invoke-call	CALL_SITE	PROVEN_STATIC_ONLY
src/lib/tauriClient.ts	509	invoke-call	CALL_SITE	PROVEN_STATIC_ONLY
src/lib/tauriClient.ts	516	invoke-call	CALL_SITE	PROVEN_STATIC_ONLY
src/lib/tauriClient.ts	523	invoke-call	CALL_SITE	PROVEN_STATIC_ONLY
src/lib/tauriClient.ts	530	invoke-call	CALL_SITE	PROVEN_STATIC_ONLY
src/lib/tauriClient.ts	537	invoke-call	CALL_SITE	PROVEN_STATIC_ONLY
src/lib/tauriClient.ts	544	invoke-call	CALL_SITE	PROVEN_STATIC_ONLY
src/lib/tauriClient.ts	551	invoke-call	CALL_SITE	PROVEN_STATIC_ONLY
src/lib/tauriClient.ts	558	invoke-call	CALL_SITE	PROVEN_STATIC_ONLY
src/lib/tauriClient.ts	565	invoke-call	CALL_SITE	PROVEN_STATIC_ONLY
src/lib/tauriClient.ts	572	invoke-call	CALL_SITE	PROVEN_STATIC_ONLY
src/lib/tauriClient.ts	579	invoke-call	CALL_SITE	PROVEN_STATIC_ONLY
src/lib/tauriClient.ts	586	invoke-call	CALL_SITE	PROVEN_STATIC_ONLY
src/lib/tauriClient.ts	593	invoke-call	CALL_SITE	PROVEN_STATIC_ONLY
src/lib/tauriClient.ts	600	invoke-call	CALL_SITE	PROVEN_STATIC_ONLY
src/lib/tauriClient.ts	607	invoke-call	CALL_SITE	PROVEN_STATIC_ONLY
src/lib/tauriClient.ts	614	invoke-call	CALL_SITE	PROVEN_STATIC_ONLY
src/lib/tauriClient.ts	621	invoke-call	CALL_SITE	PROVEN_STATIC_ONLY
src/lib/tauriClient.ts	628	invoke-call	CALL_SITE	PROVEN_STATIC_ONLY
src/lib/tauriClient.ts	635	invoke-call	CALL_SITE	PROVEN_STATIC_ONLY
src/lib/tauriClient.ts	642	invoke-call	CALL_SITE	PROVEN_STATIC_ONLY
src/lib/tauriClient.ts	649	invoke-call	CALL_SITE	PROVEN_STATIC_ONLY
src/lib/tauriClient.ts	656	invoke-call	CALL_SITE	PROVEN_STATIC_ONLY
src/lib/tauriClient.ts	663	invoke-call	CALL_SITE	PROVEN_STATIC_ONLY
src/lib/tauriClient.ts	670	invoke-call	CALL_SITE	PROVEN_STATIC_ONLY
src/lib/tauriClient.ts	677	invoke-call	CALL_SITE	PROVEN_STATIC_ONLY
src/lib/tauriClient.ts	684	invoke-call	CALL_SITE	PROVEN_STATIC_ONLY
src/lib/tauriClient.ts	691	invoke-call	CALL_SITE	PROVEN_STATIC_ONLY
src/lib/tauriClient.ts	698	invoke-call	CALL_SITE	PROVEN_STATIC_ONLY
src/lib/tauriClient.ts	705	invoke-call	CALL_SITE	PROVEN_STATIC_ONLY
src/lib/tauriClient.ts	712	invoke-call	CALL_SITE	PROVEN_STATIC_ONLY
src/lib/tauriClient.ts	719	invoke-call	CALL_SITE	PROVEN_STATIC_ONLY
src/lib/tauriClient.ts	726	invoke-call	CALL_SITE	PROVEN_STATIC_ONLY
src/lib/tauriClient.ts	733	invoke-call	CALL_SITE	PROVEN_STATIC_ONLY
src/lib/tauriClient.ts	740	invoke-call	CALL_SITE	PROVEN_STATIC_ONLY
src/lib/tauriClient.ts	747	invoke-call	CALL_SITE	PROVEN_STATIC_ONLY
src/lib/tauriClient.ts	754	invoke-call	CALL_SITE	PROVEN_STATIC_ONLY
src/lib/tauriClient.ts	761	invoke-call	CALL_SITE	PROVEN_STATIC_ONLY
src/lib/tauriClient.ts	768	invoke-call	CALL_SITE	PROVEN_STATIC_ONLY
src/lib/tauriClient.ts	775	invoke-call	CALL_SITE	PROVEN_STATIC_ONLY
src/lib/tauriClient.ts	782	invoke-call	CALL_SITE	PROVEN_STATIC_ONLY
src/lib/tauriClient.ts	789	invoke-call	CALL_SITE	PROVEN_STATIC_ONLY
src/lib/tauriClient.ts	796	invoke-call	CALL_SITE	PROVEN_STATIC_ONLY
src/lib/tauriClient.ts	803	invoke-call	CALL_SITE	PROVEN_STATIC_ONLY
src/lib/tauriClient.ts	810	invoke-call	CALL_SITE	PROVEN_STATIC_ONLY
src/lib/tauriClient.ts	817	invoke-call	CALL_SITE	PROVEN_STATIC_ONLY
src/lib/tauriClient.ts	824	invoke-call	CALL_SITE	PROVEN_STATIC_ONLY
src/lib/tauriClient.ts	831	invoke-call	CALL_SITE	PROVEN_STATIC_ONLY
src/lib/tauriClient.ts	838	invoke-call	CALL_SITE	PROVEN_STATIC_ONLY
src/lib/tauriClient.ts	845	invoke-call	CALL_SITE	PROVEN_STATIC_ONLY
src/lib/tauriClient.ts	852	invoke-call	CALL_SITE	PROVEN_STATIC_ONLY
src/lib/tauriClient.ts	859	invoke-call	CALL_SITE	PROVEN_STATIC_ONLY
src/lib/tauriClient.ts	866	invoke-call	CALL_SITE	PROVEN_STATIC_ONLY
src/lib/tauriClient.ts	873	invoke-call	CALL_SITE	PROVEN_STATIC_ONLY
src/lib/tauriClient.ts	880	invoke-call	CALL_SITE	PROVEN_STATIC_ONLY
src/lib/tauriClient.ts	887	invoke-call	CALL_SITE	PROVEN_STATIC_ONLY
src/lib/tauriClient.ts	894	invoke-call	CALL_SITE	PROVEN_STATIC_ONLY
src/lib/tauriClient.ts	901	invoke-call	CALL_SITE	PROVEN_STATIC_ONLY
src/lib/tauriClient.ts	908	invoke-call	CALL_SITE	PROVEN_STATIC_ONLY
src/lib/tauriClient.ts	915	invoke-call	CALL_SITE	PROVEN_STATIC_ONLY
src/lib/tauriClient.ts	922	invoke-call	CALL_SITE	PROVEN_STATIC_ONLY
src/lib/tauriClient.ts	929	invoke-call	CALL_SITE	PROVEN_STATIC_ONLY
src/lib/tauriClient.ts	936	invoke-call	CALL_SITE	PROVEN_STATIC_ONLY
src/lib/tauriClient.ts	943	invoke-call	CALL_SITE	PROVEN_STATIC_ONLY
src/lib/tauriClient.ts	950	invoke-call	CALL_SITE	PROVEN_STATIC_ONLY
src/lib/tauriClient.ts	957	invoke-call	CALL_SITE	PROVEN_STATIC_ONLY
src/lib/tauriClient.ts	964	invoke-call	CALL_SITE	PROVEN_STATIC_ONLY
src/lib/tauriClient.ts	971	invoke-call	CALL_SITE	PROVEN_STATIC_ONLY
src/lib/tauriClient.ts	978	invoke-call	CALL_SITE	PROVEN_STATIC_ONLY
src/lib/tauriClient.ts	985	invoke-call	CALL_SITE	PROVEN_STATIC_ONLY
src/lib/tauriClient.ts	992	invoke-call	CALL_SITE	PROVEN_STATIC_ONLY
src/lib/tauriClient.ts	999	invoke-call	CALL_SITE	PROVEN_STATIC_ONLY
src/lib/tauriClient.ts	1006	invoke-call	CALL_SITE	PROVEN_STATIC_ONLY
src/lib/tauriClient.ts	1013	invoke-call	CALL_SITE	PROVEN_STATIC_ONLY
src/lib/tauriClient.ts	1020	invoke-call	CALL_SITE	PROVEN_STATIC_ONLY
src/lib/tauriClient.ts	1027	invoke-call	CALL_SITE	PROVEN_STATIC_ONLY
src/lib/tauriClient.ts	1034	invoke-call	CALL_SITE	PROVEN_STATIC_ONLY
src/lib/tauriClient.ts	1041	invoke-call	CALL_SITE	PROVEN_STATIC_ONLY
src/lib/tauriClient.ts	1048	invoke-call	CALL_SITE	PROVEN_STATIC_ONLY
src/lib/tauriClient.ts	1055	invoke-call	CALL_SITE	PROVEN_STATIC_ONLY
src/lib/tauriClient.ts	1062	invoke-call	CALL_SITE	PROVEN_STATIC_ONLY
src/lib/tauriClient.ts	1069	invoke-call	CALL_SITE	PROVEN_STATIC_ONLY
src/lib/tauriClient.ts	1076	invoke-call	CALL_SITE	PROVEN_STATIC_ONLY
src/lib/tauriClient.ts	1083	invoke-call	CALL_SITE	PROVEN_STATIC_ONLY
src/lib/tauriClient.ts	1090	invoke-call	CALL_SITE	PROVEN_STATIC_ONLY
src/lib/tauriClient.ts	1097	invoke-call	CALL_SITE	PROVEN_STATIC_ONLY
src/lib/tauriClient.ts	1104	invoke-call	CALL_SITE	PROVEN_STATIC_ONLY
src/lib/tauriClient.ts	1111	invoke-call	CALL_SITE	PROVEN_STATIC_ONLY
src/lib/tauriClient.ts	1118	invoke-call	CALL_SITE	PROVEN_STATIC_ONLY
src/lib/tauriClient.ts	1125	invoke-call	CALL_SITE	PROVEN_STATIC_ONLY
src/lib/tauriClient.ts	1132	invoke-call	CALL_SITE	PROVEN_STATIC_ONLY
src/lib/tauriClient.ts	1139	invoke-call	CALL_SITE	PROVEN_STATIC_ONLY
src/lib/tauriClient.ts	1146	invoke-call	CALL_SITE	PROVEN_STATIC_ONLY
src/lib/tauriClient.ts	1153	invoke-call	CALL_SITE	PROVEN_STATIC_ONLY
src/lib/tauriClient.ts	1160	invoke-call	CALL_SITE	PROVEN_STATIC_ONLY
src/lib/tauriClient.ts	1167	invoke-call	CALL_SITE	PROVEN_STATIC_ONLY
src/lib/tauriClient.ts	1174	invoke-call	CALL_SITE	PROVEN_STATIC_ONLY
src/lib/tauriClient.ts	1181	invoke-call	CALL_SITE	PROVEN_STATIC_ONLY
src/lib/tauriClient.ts	1188	invoke-call	CALL_SITE	PROVEN_STATIC_ONLY
src/lib/tauriClient.ts	1195	invoke-call	CALL_SITE	PROVEN_STATIC_ONLY
src/lib/tauriClient.ts	1202	invoke-call	CALL_SITE	PROVEN_STATIC_ONLY
src/lib/tauriClient.ts	1209	invoke-call	CALL_SITE	PROVEN_STATIC_ONLY
src/lib/tauriClient.ts	1216	invoke-call	CALL_SITE	PROVEN_STATIC_ONLY
src/lib/tauriClient.ts	1223	invoke-call	CALL_SITE	PROVEN_STATIC_ONLY
src/lib/tauriClient.ts	1230	invoke-call	CALL_SITE	PROVEN_STATIC_ONLY
src/lib/tauriClient.ts	1237	invoke-call	CALL_SITE	PROVEN_STATIC_ONLY
src/lib/tauriClient.ts	1244	invoke-call	CALL_SITE	PROVEN_STATIC_ONLY
src/lib/tauriClient.ts	1251	invoke-call	CALL_SITE	PROVEN_STATIC_ONLY
src/lib/tauriClient.ts	1258	invoke-call	CALL_SITE	PROVEN_STATIC_ONLY
src/lib/tauriClient.ts	1265	invoke-call	CALL_SITE	PROVEN_STATIC_ONLY
src/lib/tauriClient.ts	1272	invoke-call	CALL_SITE	PROVEN_STATIC_ONLY
src/lib/tauriClient.ts	1279	invoke-call	CALL_SITE	PROVEN_STATIC_ONLY
src/lib/tauriClient.ts	1286	invoke-call	CALL_SITE	PROVEN_STATIC_ONLY
src/lib/tauriClient.ts	1293	invoke-call	CALL_SITE	PROVEN_STATIC_ONLY
src/lib/tauriClient.ts	1300	invoke-call	CALL_SITE	PROVEN_STATIC_ONLY
src/lib/tauriClient.ts	1307	invoke-call	CALL_SITE	PROVEN_STATIC_ONLY
src/lib/tauriClient.ts	1314	invoke-call	CALL_SITE	PROVEN_STATIC_ONLY
src/lib/tauriClient.ts	1321	invoke-call	CALL_SITE	PROVEN_STATIC_ONLY
src/lib/tauriClient.ts	1328	invoke-call	CALL_SITE	PROVEN_STATIC_ONLY
src/lib/tauriClient.ts	1335	invoke-call	CALL_SITE	PROVEN_STATIC_ONLY
src/lib/tauriClient.ts	1342	invoke-call	CALL_SITE	PROVEN_STATIC_ONLY
src/lib/tauriClient.ts	1349	invoke-call	CALL_SITE	PROVEN_STATIC_ONLY
src/lib/tauriClient.ts	1356	invoke-call	CALL_SITE	PROVEN_STATIC_ONLY
src/lib/tauriClient.ts	1363	invoke-call	CALL_SITE	PROVEN_STATIC_ONLY
src/lib/tauriClient.ts	1370	invoke-call	CALL_SITE	PROVEN_STATIC_ONLY
src/lib/tauriClient.ts	1377	invoke-call	CALL_SITE	PROVEN_STATIC_ONLY
src/lib/tauriClient.ts	1384	invoke-call	CALL_SITE	PROVEN_STATIC_ONLY
src/lib/tauriClient.ts	1391	invoke-call	CALL_SITE	PROVEN_STATIC_ONLY
src/lib/tauriClient.ts	1398	invoke-call	CALL_SITE	PROVEN_STATIC_ONLY
src/lib/tauriClient.ts	1405	invoke-call	CALL_SITE	PROVEN_STATIC_ONLY
src/lib/tauriClient.ts	1412	invoke-call	CALL_SITE	PROVEN_STATIC_ONLY
src/lib/tauriClient.ts	1419	invoke-call	CALL_SITE	PROVEN_STATIC_ONLY
src/lib/tauriClient.ts	1426	invoke-call	CALL_SITE	PROVEN_STATIC_ONLY
src/lib/tauriClient.ts	1433	invoke-call	CALL_SITE	PROVEN_STATIC_ONLY
src/lib/tauriClient.ts	1440	invoke-call	CALL_SITE	PROVEN_STATIC_ONLY
src/lib/tauriClient.ts	1447	invoke-call	CALL_SITE	PROVEN_STATIC_ONLY
src/lib/tauriClient.ts	1454	invoke-call	CALL_SITE	PROVEN_STATIC_ONLY
src/lib/tauriClient.ts	1461	invoke-call	CALL_SITE	PROVEN_STATIC_ONLY
src/lib/tauriClient.ts	1468	invoke-call	CALL_SITE	PROVEN_STATIC_ONLY
src/lib/tauriClient.ts	1475	invoke-call	CALL_SITE	PROVEN_STATIC_ONLY
src/lib/tauriClient.ts	1482	invoke-call	CALL_SITE	PROVEN_STATIC_ONLY
src/lib/tauriClient.ts	1489	invoke-call	CALL_SITE	PROVEN_STATIC_ONLY
src/lib/tauriClient.ts	1496	invoke-call	CALL_SITE	PROVEN_STATIC_ONLY
src/lib/tauriClient.ts	1503	invoke-call	CALL_SITE	PROVEN_STATIC_ONLY
src/lib/tauriClient.ts	1510	invoke-call	CALL_SITE	PROVEN_STATIC_ONLY
src/lib/tauriClient.ts	1517	invoke-call	CALL_SITE	PROVEN_STATIC_ONLY
src/lib/tauriClient.ts	1524	invoke-call	CALL_SITE	PROVEN_STATIC_ONLY
src/lib/tauriClient.ts	1531	invoke-call	CALL_SITE	PROVEN_STATIC_ONLY
src/lib/tauriClient.ts	1538	invoke-call	CALL_SITE	PROVEN_STATIC_ONLY
src/lib/tauriClient.ts	1545	invoke-call	CALL_SITE	PROVEN_STATIC_ONLY
src/lib/tauriClient.ts	1552	invoke-call	CALL_SITE	PROVEN_STATIC_ONLY
src/lib/tauriClient.ts	1559	invoke-call	CALL_SITE	PROVEN_STATIC_ONLY
src/lib/tauriClient.ts	1566	invoke-call	CALL_SITE	PROVEN_STATIC_ONLY
src/lib/tauriClient.ts	1573	invoke-call	CALL_SITE	PROVEN_STATIC_ONLY
src/lib/tauriClient.ts	1580	invoke-call	CALL_SITE	PROVEN_STATIC_ONLY
src/lib/tauriClient.ts	1587	invoke-call	CALL_SITE	PROVEN_STATIC_ONLY
src/lib/tauriClient.ts	1594	invoke-call	CALL_SITE	PROVEN_STATIC_ONLY
src/lib/tauriClient.ts	1601	invoke-call	CALL_SITE	PROVEN_STATIC_ONLY
src/lib/tauriClient.ts	1608	invoke-call	CALL_SITE	PROVEN_STATIC_ONLY
src/lib/tauriClient.ts	1615	invoke-call	CALL_SITE	PROVEN_STATIC_ONLY
src/lib/tauriClient.ts	1622	invoke-call	CALL_SITE	PROVEN_STATIC_ONLY
src/lib/tauriClient.ts	1629	invoke-call	CALL_SITE	PROVEN_STATIC_ONLY
src/lib/tauriClient.ts	1636	invoke-call	CALL_SITE	PROVEN_STATIC_ONLY
src/lib/tauriClient.ts	1643	invoke-call	CALL_SITE	PROVEN_STATIC_ONLY
src/lib/tauriClient.ts	1650	invoke-call	CALL_SITE	PROVEN_STATIC_ONLY
src/lib/tauriClient.ts	1657	invoke-call	CALL_SITE	PROVEN_STATIC_ONLY
src/lib/tauriClient.ts	1664	invoke-call	CALL_SITE	PROVEN_STATIC_ONLY
src/lib/tauriClient.ts	1671	invoke-call	CALL_SITE	PROVEN_STATIC_ONLY
src/lib/tauriClient.ts	1678	invoke-call	CALL_SITE	PROVEN_STATIC_ONLY
src/lib/tauriClient.ts	1685	invoke-call	CALL_SITE	PROVEN_STATIC_ONLY
src/lib/tauriClient.ts	1692	invoke-call	CALL_SITE	PROVEN_STATIC_ONLY
src/lib/tauriClient.ts	1699	invoke-call	CALL_SITE	PROVEN_STATIC_ONLY
src/lib/tauriClient.ts	1706	invoke-call	CALL_SITE	PROVEN_STATIC_ONLY
src/lib/tauriClient.ts	1713	invoke-call	CALL_SITE	PROVEN_STATIC_ONLY
src/lib/tauriClient.ts	1720	invoke-call	CALL_SITE	PROVEN_STATIC_ONLY
src/lib/tauriClient.ts	1727	invoke-call	CALL_SITE	PROVEN_STATIC_ONLY
src/lib/tauriClient.ts	1734	invoke-call	CALL_SITE	PROVEN_STATIC_ONLY
src/lib/tauriClient.ts	1741	invoke-call	CALL_SITE	PROVEN_STATIC_ONLY
src/lib/tauriClient.ts	1748	invoke-call	CALL_SITE	PROVEN_STATIC_ONLY
src/lib/tauriClient.ts	1755	invoke-call	CALL_SITE	PROVEN_STATIC_ONLY
src/lib/tauriClient.ts	1762	invoke-call	CALL_SITE	PROVEN_STATIC_ONLY
src/lib/tauriClient.ts	1769	invoke-call	CALL_SITE	PROVEN_STATIC_ONLY
src/lib/tauriClient.ts	1776	invoke-call	CALL_SITE	PROVEN_STATIC_ONLY
src/lib/tauriClient.ts	1783	invoke-call	CALL_SITE	PROVEN_STATIC_ONLY
src/lib/tauriClient.ts	1790	invoke-call	CALL_SITE	PROVEN_STATIC_ONLY
src/lib/tauriClient.ts	1797	invoke-call	CALL_SITE	PROVEN_STATIC_ONLY
src/lib/tauriClient.ts	1804	invoke-call	CALL_SITE	PROVEN_STATIC_ONLY
src/lib/tauriClient.ts	1811	invoke-call	CALL_SITE	PROVEN_STATIC_ONLY
src/lib/tauriClient.ts	1818	invoke-call	CALL_SITE	PROVEN_STATIC_ONLY
src/lib/tauriClient.ts	1825	invoke-call	CALL_SITE	PROVEN_STATIC_ONLY
src/lib/tauriClient.ts	1832	invoke-call	CALL_SITE	PROVEN_STATIC_ONLY
src/lib/tauriClient.ts	1839	invoke-call	CALL_SITE	PROVEN_STATIC_ONLY
src/lib/tauriClient.ts	1846	invoke-call	CALL_SITE	PROVEN_STATIC_ONLY
src/lib/tauriClient.ts	1853	invoke-call	CALL_SITE	PROVEN_STATIC_ONLY
src/lib/tauriClient.ts	1860	invoke-call	CALL_SITE	PROVEN_STATIC_ONLY
src/lib/tauriClient.ts	1867	invoke-call	CALL_SITE	PROVEN_STATIC_ONLY
src/lib/tauriClient.ts	1874	invoke-call	CALL_SITE	PROVEN_STATIC_ONLY
src/lib/tauriClient.ts	1881	invoke-call	CALL_SITE	PROVEN_STATIC_ONLY
src/lib/tauriClient.ts	1888	invoke-call	CALL_SITE	PROVEN_STATIC_ONLY
src/lib/tauriClient.ts	1895	invoke-call	CALL_SITE	PROVEN_STATIC_ONLY
src/lib/tauriClient.ts	1902	invoke-call	CALL_SITE	PROVEN_STATIC_ONLY
src/lib/tauriClient.ts	1909	invoke-call	CALL_SITE	PROVEN_STATIC_ONLY
src/lib/tauriClient.ts	1916	invoke-call	CALL_SITE	PROVEN_STATIC_ONLY
src/lib/tauriClient.ts	1923	invoke-call	CALL_SITE	PROVEN_STATIC_ONLY
src/lib/tauriClient.ts	1930	invoke-call	CALL_SITE	PROVEN_STATIC_ONLY
src/lib/tauriClient.ts	1937	invoke-call	CALL_SITE	PROVEN_STATIC_ONLY
src/lib/tauriClient.ts	1944	invoke-call	CALL_SITE	PROVEN_STATIC_ONLY
src/lib/tauriClient.ts	1951	invoke-call	CALL_SITE	PROVEN_STATIC_ONLY
src/lib/tauriClient.ts	1958	invoke-call	CALL_SITE	PROVEN_STATIC_ONLY
src/lib/tauriClient.ts	1965	invoke-call	CALL_SITE	PROVEN_STATIC_ONLY
src/lib/tauriClient.ts	1972	invoke-call	CALL_SITE	PROVEN_STATIC_ONLY
src/lib/tauriClient.ts	1979	invoke-call	CALL_SITE	PROVEN_STATIC_ONLY
src/lib/tauriClient.ts	1986	invoke-call	CALL_SITE	PROVEN_STATIC_ONLY
src/lib/tauriClient.ts	1993	invoke-call	CALL_SITE	PROVEN_STATIC_ONLY
src/lib/tauriClient.ts	2000	invoke-call	CALL_SITE	PROVEN_STATIC_ONLY
src/lib/tauriClient.ts	2007	invoke-call	CALL_SITE	PROVEN_STATIC_ONLY
src/lib/tauriClient.ts	2014	invoke-call	CALL_SITE	PROVEN_STATIC_ONLY
src/lib/tauriClient.ts	2021	invoke-call	CALL_SITE	PROVEN_STATIC_ONLY
src/lib/tauriClient.ts	2028	invoke-call	CALL_SITE	PROVEN_STATIC_ONLY
src/lib/tauriClient.ts	2035	invoke-call	CALL_SITE	PROVEN_STATIC_ONLY
src/lib/tauriClient.ts	2042	invoke-call	CALL_SITE	PROVEN_STATIC_ONLY
src/lib/tauriClient.ts	2049	invoke-call	CALL_SITE	PROVEN_STATIC_ONLY
src/lib/tauriClient.ts	2056	invoke-call	CALL_SITE	PROVEN_STATIC_ONLY
src/lib/tauriClient.ts	2063	invoke-call	CALL_SITE	PROVEN_STATIC_ONLY
src/lib/tauriClient.ts	2070	invoke-call	CALL_SITE	PROVEN_STATIC_ONLY
src/lib/tauriClient.ts	2077	invoke-call	CALL_SITE	PROVEN_STATIC_ONLY
src/lib/tauriClient.ts	2084	invoke-call	CALL_SITE	PROVEN_STATIC_ONLY
src/lib/tauriClient.ts	2091	invoke-call	CALL_SITE	PROVEN_STATIC_ONLY
src/lib/tauriClient.ts	2098	invoke-call	CALL_SITE	PROVEN_STATIC_ONLY
src/lib/tauriClient.ts	2105	invoke-call	CALL_SITE	PROVEN_STATIC_ONLY
src/lib/tauriClient.ts	2112	invoke-call	CALL_SITE	PROVEN_STATIC_ONLY
src/lib/tauriClient.ts	2119	invoke-call	CALL_SITE	PROVEN_STATIC_ONLY
src/lib/tauriClient.ts	2126	invoke-call	CALL_SITE	PROVEN_STATIC_ONLY
src/lib/tauriClient.ts	2133	invoke-call	CALL_SITE	PROVEN_STATIC_ONLY
src/lib/tauriClient.ts	2140	invoke-call	CALL_SITE	PROVEN_STATIC_ONLY
src/lib/tauriClient.ts	2147	invoke-call	CALL_SITE	PROVEN_STATIC_ONLY
src/lib/tauriClient.ts	2154	invoke-call	CALL_SITE	PROVEN_STATIC_ONLY
src/lib/tauriClient.ts	2161	invoke-call	CALL_SITE	PROVEN_STATIC_ONLY
src/lib/tauriClient.ts	2168	invoke-call	CALL_SITE	PROVEN_STATIC_ONLY
src/lib/tauriClient.ts	2175	invoke-call	CALL_SITE	PROVEN_STATIC_ONLY
src/lib/tauriClient.ts	2182	invoke-call	CALL_SITE	PROVEN_STATIC_ONLY
src/lib/tauriClient.ts	2189	invoke-call	CALL_SITE	PROVEN_STATIC_ONLY
src/lib/tauriClient.ts	2196	invoke-call	CALL_SITE	PROVEN_STATIC_ONLY
src/lib/tauriClient.ts	2203	invoke-call	CALL_SITE	PROVEN_STATIC_ONLY
src/lib/tauriClient.ts	2210	invoke-call	CALL_SITE	PROVEN_STATIC_ONLY
src/lib/tauriClient.ts	2217	invoke-call	CALL_SITE	PROVEN_STATIC_ONLY
src/lib/tauriClient.ts	2224	invoke-call	CALL_SITE	PROVEN_STATIC_ONLY
src/lib/tauriClient.ts	2231	invoke-call	CALL_SITE	PROVEN_STATIC_ONLY
src/lib/tauriClient.ts	2238	invoke-call	CALL_SITE	PROVEN_STATIC_ONLY
src/lib/tauriClient.ts	2245	invoke-call	CALL_SITE	PROVEN_STATIC_ONLY
src/lib/tauriClient.ts	2252	invoke-call	CALL_SITE	PROVEN_STATIC_ONLY
src/lib/tauriClient.ts	2259	invoke-call	CALL_SITE	PROVEN_STATIC_ONLY
src/lib/tauriClient.ts	2266	invoke-call	CALL_SITE	PROVEN_STATIC_ONLY
src/lib/tauriClient.ts	2273	invoke-call	CALL_SITE	PROVEN_STATIC_ONLY
src/lib/tauriClient.ts	2280	invoke-call	CALL_SITE	PROVEN_STATIC_ONLY
src/lib/tauriClient.ts	2287	invoke-call	CALL_SITE	PROVEN_STATIC_ONLY
src/lib/tauriClient.ts	2294	invoke-call	CALL_SITE	PROVEN_STATIC_ONLY
src/lib/tauriClient.ts	2301	invoke-call	CALL_SITE	PROVEN_STATIC_ONLY
src/lib/tauriClient.ts	2308	invoke-call	CALL_SITE	PROVEN_STATIC_ONLY
src/lib/tauriClient.ts	2315	invoke-call	CALL_SITE	PROVEN_STATIC_ONLY
src/lib/tauriClient.ts	2322	invoke-call	CALL_SITE	PROVEN_STATIC_ONLY
src/lib/tauriClient.ts	2329	invoke-call	CALL_SITE	PROVEN_STATIC_ONLY
src/lib/tauriClient.ts	2336	invoke-call	CALL_SITE	PROVEN_STATIC_ONLY
src/lib/tauriClient.ts	2343	invoke-call	CALL_SITE	PROVEN_STATIC_ONLY
src/lib/tauriClient.ts	2350	invoke-call	CALL_SITE	PROVEN_STATIC_ONLY
src/lib/tauriClient.ts	2357	invoke-call	CALL_SITE	PROVEN_STATIC_ONLY
src/lib/tauriClient.ts	2364	invoke-call	CALL_SITE	PROVEN_STATIC_ONLY
src/lib/tauriClient.ts	2371	invoke-call	CALL_SITE	PROVEN_STATIC_ONLY
src/lib/tauriClient.ts	2378	invoke-call	CALL_SITE	PROVEN_STATIC_ONLY
src/lib/tauriClient.ts	2385	invoke-call	CALL_SITE	PROVEN_STATIC_ONLY
src/lib/tauriClient.ts	2392	invoke-call	CALL_SITE	PROVEN_STATIC_ONLY
src/lib/tauriClient.ts	2399	invoke-call	CALL_SITE	PROVEN_STATIC_ONLY
src/lib/tauriClient.ts	2406	invoke-call	CALL_SITE	PROVEN_STATIC_ONLY
src/lib/tauriClient.ts	2413	invoke-call	CALL_SITE	PROVEN_STATIC_ONLY
src/lib/tauriClient.ts	2420	invoke-call	CALL_SITE	PROVEN_STATIC_ONLY
src/lib/tauriClient.ts	2427	invoke-call	CALL_SITE	PROVEN_STATIC_ONLY
src/lib/tauriClient.ts	2434	invoke-call	CALL_SITE	PROVEN_STATIC_ONLY
src/lib/tauriClient.ts	2441	invoke-call	CALL_SITE	PROVEN_STATIC_ONLY
src/lib/tauriClient.ts	2448	invoke-call	CALL_SITE	PROVEN_STATIC_ONLY
src/lib/tauriClient.ts	2455	invoke-call	CALL_SITE	PROVEN_STATIC_ONLY
src/lib/tauriClient.ts	2462	invoke-call	CALL_SITE	PROVEN_STATIC_ONLY
src/lib/tauriClient.ts	2469	invoke-call	CALL_SITE	PROVEN_STATIC_ONLY
src/lib/tauriClient.ts	2476	invoke-call	CALL_SITE	PROVEN_STATIC_ONLY
src/lib/tauriClient.ts	2483	invoke-call	CALL_SITE	PROVEN_STATIC_ONLY
src/lib/tauriClient.ts	2490	invoke-call	CALL_SITE	PROVEN_STATIC_ONLY
src/lib/tauriClient.ts	2497	invoke-call	CALL_SITE	PROVEN_STATIC_ONLY
src/lib/tauriClient.ts	2504	invoke-call	CALL_SITE	PROVEN_STATIC_ONLY
src/lib/tauriClient.ts	2511	invoke-call	CALL_SITE	PROVEN_STATIC_ONLY
src/lib/tauriClient.ts	2518	invoke-call	CALL_SITE	PROVEN_STATIC_ONLY
src/lib/tauriClient.ts	2525	invoke-call	CALL_SITE	PROVEN_STATIC_ONLY
src/lib/tauriClient.ts	2532	invoke-call	CALL_SITE	PROVEN_STATIC_ONLY
src/lib/tauriClient.ts	2539	invoke-call	CALL_SITE	PROVEN_STATIC_ONLY
src/lib/tauriClient.ts	2546	invoke-call	CALL_SITE	PROVEN_STATIC_ONLY
src/lib/tauriClient.ts	2553	invoke-call	CALL_SITE	PROVEN_STATIC_ONLY
src/lib/tauriClient.ts	2560	invoke-call	CALL_SITE	PROVEN_STATIC_ONLY
src/lib/tauriClient.ts	2567	invoke-call	CALL_SITE	PROVEN_STATIC_ONLY
src/lib/tauriClient.ts	2574	invoke-call	CALL_SITE	PROVEN_STATIC_ONLY
src/lib/tauriClient.ts	2581	invoke-call	CALL_SITE	PROVEN_STATIC_ONLY
src/lib/tauriClient.ts	2588	invoke-call	CALL_SITE	PROVEN_STATIC_ONLY
src/lib/tauriClient.ts	2595	invoke-call	CALL_SITE	PROVEN_STATIC_ONLY
src/lib/tauriClient.ts	2602	invoke-call	CALL_SITE	PROVEN_STATIC_ONLY
src/lib/tauriClient.ts	2609	invoke-call	CALL_SITE	PROVEN_STATIC_ONLY
src/lib/tauriClient.ts	2616	invoke-call	CALL_SITE	PROVEN_STATIC_ONLY
src/lib/tauriClient.ts	2623	invoke-call	CALL_SITE	PROVEN_STATIC_ONLY
src/lib/tauriClient.ts	2630	invoke-call	CALL_SITE	PROVEN_STATIC_ONLY
src/lib/tauriClient.ts	2637	invoke-call	CALL_SITE	PROVEN_STATIC_ONLY
src/lib/tauriClient.ts	2644	invoke-call	CALL_SITE	PROVEN_STATIC_ONLY
src/lib/tauriClient.ts	2651	invoke-call	CALL_SITE	PROVEN_STATIC_ONLY
src/lib/tauriClient.ts	2658	invoke-call	CALL_SITE	PROVEN_STATIC_ONLY
src/lib/tauriClient.ts	2665	invoke-call	CALL_SITE	PROVEN_STATIC_ONLY
src/lib/tauriClient.ts	2672	invoke-call	CALL_SITE	PROVEN_STATIC_ONLY
src/lib/tauriClient.ts	2679	invoke-call	CALL_SITE	PROVEN_STATIC_ONLY
src/lib/tauriClient.ts	2686	invoke-call	CALL_SITE	PROVEN_STATIC_ONLY
src/lib/tauriClient.ts	2694	invoke-call	CALL_SITE	PROVEN_STATIC_ONLY
src/lib/tauriClient.ts	2701	invoke-call	CALL_SITE	PROVEN_STATIC_ONLY
src/lib/tauriClient.ts	2708	invoke-call	CALL_SITE	PROVEN_STATIC_ONLY
src/lib/tauriClient.ts	2715	invoke-call	CALL_SITE	PROVEN_STATIC_ONLY
src/lib/tauriClient.ts	2722	invoke-call	CALL_SITE	PROVEN_STATIC_ONLY
src/lib/tauriClient.ts	2729	invoke-call	CALL_SITE	PROVEN_STATIC_ONLY
src/lib/tauriClient.ts	2736	invoke-call	CALL_SITE	PROVEN_STATIC_ONLY
src/lib/tauriClient.ts	2743	invoke-call	CALL_SITE	PROVEN_STATIC_ONLY
src/lib/tauriClient.ts	2750	invoke-call	CALL_SITE	PROVEN_STATIC_ONLY
src/lib/tauriClient.ts	2757	invoke-call	CALL_SITE	PROVEN_STATIC_ONLY
src/lib/tauriClient.ts	2764	invoke-call	CALL_SITE	PROVEN_STATIC_ONLY
src/lib/tauriClient.ts	2771	invoke-call	CALL_SITE	PROVEN_STATIC_ONLY
src/lib/tauriClient.ts	2778	invoke-call	CALL_SITE	PROVEN_STATIC_ONLY
src/lib/tauriClient.ts	2785	invoke-call	CALL_SITE	PROVEN_STATIC_ONLY
src/lib/tauriClient.ts	2792	invoke-call	CALL_SITE	PROVEN_STATIC_ONLY
src/lib/tauriClient.ts	2799	invoke-call	CALL_SITE	PROVEN_STATIC_ONLY
src/lib/tauriClient.ts	2806	invoke-call	CALL_SITE	PROVEN_STATIC_ONLY
src/lib/tauriClient.ts	2813	invoke-call	CALL_SITE	PROVEN_STATIC_ONLY
src/lib/tauriClient.ts	2820	invoke-call	CALL_SITE	PROVEN_STATIC_ONLY
src/lib/tauriClient.ts	2827	invoke-call	CALL_SITE	PROVEN_STATIC_ONLY
src/lib/tauriClient.ts	2834	invoke-call	CALL_SITE	PROVEN_STATIC_ONLY
src/lib/tauriClient.ts	2841	invoke-call	CALL_SITE	PROVEN_STATIC_ONLY
src/lib/tauriClient.ts	2848	invoke-call	CALL_SITE	PROVEN_STATIC_ONLY
src/lib/tauriClient.ts	2854	invoke-call	CALL_SITE	PROVEN_STATIC_ONLY
src/lib/tauriClient.ts	2856	invoke-call	CALL_SITE	PROVEN_STATIC_ONLY
src/lib/tauriClient.ts	2860	invoke-call	CALL_SITE	PROVEN_STATIC_ONLY
src/lib/tauriClient.ts	2867	invoke-call	CALL_SITE	PROVEN_STATIC_ONLY
src/lib/tauriClient.ts	2874	invoke-call	CALL_SITE	PROVEN_STATIC_ONLY
src/lib/tauriClient.ts	2881	invoke-call	CALL_SITE	PROVEN_STATIC_ONLY
src/lib/tauriClient.ts	2888	invoke-call	CALL_SITE	PROVEN_STATIC_ONLY
src/lib/tauriClient.ts	2895	invoke-call	CALL_SITE	PROVEN_STATIC_ONLY
src/lib/tauriClient.ts	2902	invoke-call	CALL_SITE	PROVEN_STATIC_ONLY
src/lib/tauriClient.ts	2909	invoke-call	CALL_SITE	PROVEN_STATIC_ONLY
src/lib/tauriClient.ts	2916	invoke-call	CALL_SITE	PROVEN_STATIC_ONLY
src/lib/tauriClient.ts	2923	invoke-call	CALL_SITE	PROVEN_STATIC_ONLY
src/lib/tauriClient.ts	2930	invoke-call	CALL_SITE	PROVEN_STATIC_ONLY
src/lib/tauriClient.ts	2937	invoke-call	CALL_SITE	PROVEN_STATIC_ONLY
src/lib/tauriClient.ts	2948	invoke-call	CALL_SITE	PROVEN_STATIC_ONLY
src/lib/tauriClient.ts	2955	invoke-call	CALL_SITE	PROVEN_STATIC_ONLY
src/lib/tauriClient.ts	2962	invoke-call	CALL_SITE	PROVEN_STATIC_ONLY
src/lib/tauriClient.ts	2969	invoke-call	CALL_SITE	PROVEN_STATIC_ONLY
src/lib/tauriClient.ts	2976	invoke-call	CALL_SITE	PROVEN_STATIC_ONLY
src/lib/tauriClient.ts	2983	invoke-call	CALL_SITE	PROVEN_STATIC_ONLY
src/lib/tauriClient.ts	2990	invoke-call	CALL_SITE	PROVEN_STATIC_ONLY
src/lib/tauriClient.ts	2997	invoke-call	CALL_SITE	PROVEN_STATIC_ONLY
src/lib/tauriClient.ts	3004	invoke-call	CALL_SITE	PROVEN_STATIC_ONLY
src/lib/tauriClient.ts	3011	invoke-call	CALL_SITE	PROVEN_STATIC_ONLY
src/lib/tauriClient.ts	3018	invoke-call	CALL_SITE	PROVEN_STATIC_ONLY
src/lib/tauriClient.ts	3025	invoke-call	CALL_SITE	PROVEN_STATIC_ONLY
src/lib/tauriClient.ts	3032	invoke-call	CALL_SITE	PROVEN_STATIC_ONLY
src/lib/tauriClient.ts	3039	invoke-call	CALL_SITE	PROVEN_STATIC_ONLY
src/lib/tauriClient.ts	3046	invoke-call	CALL_SITE	PROVEN_STATIC_ONLY
src/lib/tauriClient.ts	3053	invoke-call	CALL_SITE	PROVEN_STATIC_ONLY
src/lib/tauriClient.ts	3060	invoke-call	CALL_SITE	PROVEN_STATIC_ONLY
src/lib/tauriClient.ts	3071	invoke-call	CALL_SITE	PROVEN_STATIC_ONLY
src/lib/tauriClient.ts	3078	invoke-call	CALL_SITE	PROVEN_STATIC_ONLY
src/lib/tauriClient.ts	3085	invoke-call	CALL_SITE	PROVEN_STATIC_ONLY
src/lib/tauriClient.ts	3092	invoke-call	CALL_SITE	PROVEN_STATIC_ONLY
src/lib/tauriClient.ts	3099	invoke-call	CALL_SITE	PROVEN_STATIC_ONLY
src/lib/tauriClient.ts	3106	invoke-call	CALL_SITE	PROVEN_STATIC_ONLY
src/lib/tauriClient.ts	3113	invoke-call	CALL_SITE	PROVEN_STATIC_ONLY
src/lib/tauriClient.ts	3120	invoke-call	CALL_SITE	PROVEN_STATIC_ONLY
src/lib/tauriClient.ts	3127	invoke-call	CALL_SITE	PROVEN_STATIC_ONLY
src/lib/tauriClient.ts	3134	invoke-call	CALL_SITE	PROVEN_STATIC_ONLY
src/lib/tauriClient.ts	3141	invoke-call	CALL_SITE	PROVEN_STATIC_ONLY
src/lib/tauriClient.ts	3148	invoke-call	CALL_SITE	PROVEN_STATIC_ONLY
src/lib/tauriClient.ts	3155	invoke-call	CALL_SITE	PROVEN_STATIC_ONLY
src/lib/tauriClient.ts	3162	invoke-call	CALL_SITE	PROVEN_STATIC_ONLY
src/lib/tauriClient.ts	3169	invoke-call	CALL_SITE	PROVEN_STATIC_ONLY
src/lib/tauriClient.ts	3176	invoke-call	CALL_SITE	PROVEN_STATIC_ONLY
src/lib/tauriClient.ts	3183	invoke-call	CALL_SITE	PROVEN_STATIC_ONLY
src/lib/tauriClient.ts	3190	invoke-call	CALL_SITE	PROVEN_STATIC_ONLY
src/lib/tauriClient.ts	3197	invoke-call	CALL_SITE	PROVEN_STATIC_ONLY
src/lib/tauriClient.ts	3208	invoke-call	CALL_SITE	PROVEN_STATIC_ONLY
src/lib/tauriClient.ts	3215	invoke-call	CALL_SITE	PROVEN_STATIC_ONLY
src/lib/tauriClient.ts	3222	invoke-call	CALL_SITE	PROVEN_STATIC_ONLY
src/lib/tauriClient.ts	3229	invoke-call	CALL_SITE	PROVEN_STATIC_ONLY
src/lib/tauriClient.ts	3236	invoke-call	CALL_SITE	PROVEN_STATIC_ONLY
src/lib/tauriClient.ts	3243	invoke-call	CALL_SITE	PROVEN_STATIC_ONLY
src/lib/tauriClient.ts	3250	invoke-call	CALL_SITE	PROVEN_STATIC_ONLY
src/lib/tauriClient.ts	3257	invoke-call	CALL_SITE	PROVEN_STATIC_ONLY
src/lib/tauriClient.ts	3264	invoke-call	CALL_SITE	PROVEN_STATIC_ONLY
src/lib/tauriClient.ts	3271	invoke-call	CALL_SITE	PROVEN_STATIC_ONLY
src/lib/tauriClient.ts	3278	invoke-call	CALL_SITE	PROVEN_STATIC_ONLY
src/lib/tauriClient.ts	3289	invoke-call	CALL_SITE	PROVEN_STATIC_ONLY
src/lib/tauriClient.ts	3296	invoke-call	CALL_SITE	PROVEN_STATIC_ONLY
src/lib/tauriClient.ts	3303	invoke-call	CALL_SITE	PROVEN_STATIC_ONLY
src/lib/tauriClient.ts	3310	invoke-call	CALL_SITE	PROVEN_STATIC_ONLY
src/lib/tauriClient.ts	3317	invoke-call	CALL_SITE	PROVEN_STATIC_ONLY
src/lib/tauriClient.ts	3324	invoke-call	CALL_SITE	PROVEN_STATIC_ONLY
src/lib/tauriClient.ts	3331	invoke-call	CALL_SITE	PROVEN_STATIC_ONLY
src/lib/tauriClient.ts	3338	invoke-call	CALL_SITE	PROVEN_STATIC_ONLY
src/lib/tauriClient.ts	3345	invoke-call	CALL_SITE	PROVEN_STATIC_ONLY
src/lib/tauriClient.ts	3352	invoke-call	CALL_SITE	PROVEN_STATIC_ONLY
src/lib/tauriClient.ts	3359	invoke-call	CALL_SITE	PROVEN_STATIC_ONLY
src/lib/tauriClient.ts	3366	invoke-call	CALL_SITE	PROVEN_STATIC_ONLY
src/lib/tauriClient.ts	3373	invoke-call	CALL_SITE	PROVEN_STATIC_ONLY
src/lib/tauriClient.ts	3380	invoke-call	CALL_SITE	PROVEN_STATIC_ONLY
src/lib/tauriClient.ts	3387	invoke-call	CALL_SITE	PROVEN_STATIC_ONLY
src/lib/tauriClient.ts	3394	invoke-call	CALL_SITE	PROVEN_STATIC_ONLY
src/lib/tauriClient.ts	3405	invoke-call	CALL_SITE	PROVEN_STATIC_ONLY
src/lib/tauriClient.ts	3412	invoke-call	CALL_SITE	PROVEN_STATIC_ONLY
src/lib/logger.ts	285	invoke-call	CALL_SITE	PROVEN_STATIC_ONLY
src/components/ErrorBoundary.tsx	85	invoke-call	CALL_SITE	PROVEN_STATIC_ONLY
src/components/ChatErrorBoundary.tsx	358	invoke-call	CALL_SITE	PROVEN_STATIC_ONLY
src/tests/e2e/titane_e2e.test.ts	116	invoke-call	CALL_SITE	PROVEN_STATIC_ONLY
src/tests/e2e/titane_e2e.test.ts	125	invoke-call	CALL_SITE	PROVEN_STATIC_ONLY
src/tests/e2e/titane_e2e.test.ts	134	invoke-call	CALL_SITE	PROVEN_STATIC_ONLY
src/tests/e2e/titane_e2e.test.ts	154	invoke-call	CALL_SITE	PROVEN_STATIC_ONLY
src/tests/e2e/titane_e2e.test.ts	168	invoke-call	CALL_SITE	PROVEN_STATIC_ONLY
src/tests/e2e/titane_e2e.test.ts	177	invoke-call	CALL_SITE	PROVEN_STATIC_ONLY
src/tests/e2e/titane_e2e.test.ts	191	invoke-call	CALL_SITE	PROVEN_STATIC_ONLY
src/tests/e2e/titane_e2e.test.ts	236	invoke-call	CALL_SITE	PROVEN_STATIC_ONLY
src/tests/e2e/titane_e2e.test.ts	245	invoke-call	CALL_SITE	PROVEN_STATIC_ONLY
src/tests/e2e/titane_e2e.test.ts	257	invoke-call	CALL_SITE	PROVEN_STATIC_ONLY
src/tests/e2e/titane_e2e.test.ts	276	invoke-call	CALL_SITE	PROVEN_STATIC_ONLY
src/tests/e2e/titane_e2e.test.ts	290	invoke-call	CALL_SITE	PROVEN_STATIC_ONLY
src/tests/e2e/titane_e2e.test.ts	304	invoke-call	CALL_SITE	PROVEN_STATIC_ONLY
src/tests/e2e/titane_e2e.test.ts	369	invoke-call	CALL_SITE	PROVEN_STATIC_ONLY
src/tests/e2e/titane_e2e.test.ts	388	invoke-call	CALL_SITE	PROVEN_STATIC_ONLY
src/tests/e2e/titane_e2e.test.ts	399	invoke-call	CALL_SITE	PROVEN_STATIC_ONLY
src/tests/e2e/titane_e2e.test.ts	448	invoke-call	CALL_SITE	PROVEN_STATIC_ONLY
src/tests/e2e/titane_e2e.test.ts	457	invoke-call	CALL_SITE	PROVEN_STATIC_ONLY
src/tests/e2e/titane_e2e.test.ts	466	invoke-call	CALL_SITE	PROVEN_STATIC_ONLY
src/tests/e2e/titane_e2e.test.ts	475	invoke-call	CALL_SITE	PROVEN_STATIC_ONLY
src/tests/e2e/titane_e2e.test.ts	484	invoke-call	CALL_SITE	PROVEN_STATIC_ONLY
src/tests/e2e/titane_e2e.test.ts	493	invoke-call	CALL_SITE	PROVEN_STATIC_ONLY
src/tests/e2e/titane_e2e.test.ts	502	invoke-call	CALL_SITE	PROVEN_STATIC_ONLY
src/tests/e2e/titane_e2e.test.ts	547	invoke-call	CALL_SITE	PROVEN_STATIC_ONLY
src/tests/e2e/titane_e2e.test.ts	554	invoke-call	CALL_SITE	PROVEN_STATIC_ONLY
src/tests/e2e/titane_e2e.test.ts	567	invoke-call	CALL_SITE	PROVEN_STATIC_ONLY
src/tests/e2e/titane_e2e.test.ts	576	invoke-call	CALL_SITE	PROVEN_STATIC_ONLY
src/tests/e2e/titane_e2e.test.ts	587	invoke-call	CALL_SITE	PROVEN_STATIC_ONLY
src/tests/e2e/titane_e2e.test.ts	600	invoke-call	CALL_SITE	PROVEN_STATIC_ONLY
src/tests/e2e/titane_e2e.test.ts	608	invoke-call	CALL_SITE	PROVEN_STATIC_ONLY
src/tests/e2e/titane_e2e.test.ts	617	invoke-call	CALL_SITE	PROVEN_STATIC_ONLY
src/tests/tauri-invoke-fix-validator.ts	18	invoke-call	CALL_SITE	PROVEN_STATIC_ONLY
src/tests/tauri-invoke-fix-validator.ts	23	invoke-call	CALL_SITE	PROVEN_STATIC_ONLY
src/tests/tauri-invoke-fix-validator.ts	28	invoke-call	CALL_SITE	PROVEN_STATIC_ONLY
src/tests/regression/titane_regression.test.ts	67	invoke-call	CALL_SITE	PROVEN_STATIC_ONLY
src/tests/regression/titane_regression.test.ts	69	invoke-call	CALL_SITE	PROVEN_STATIC_ONLY
src/tests/regression/titane_regression.test.ts	71	invoke-call	CALL_SITE	PROVEN_STATIC_ONLY
src/tests/regression/titane_regression.test.ts	73	invoke-call	CALL_SITE	PROVEN_STATIC_ONLY
src/tests/regression/titane_regression.test.ts	75	invoke-call	CALL_SITE	PROVEN_STATIC_ONLY
src/tests/regression/titane_regression.test.ts	77	invoke-call	CALL_SITE	PROVEN_STATIC_ONLY
src/tests/regression/titane_regression.test.ts	117	invoke-call	CALL_SITE	PROVEN_STATIC_ONLY
src/tests/regression/titane_regression.test.ts	150	invoke-call	CALL_SITE	PROVEN_STATIC_ONLY
src/tests/regression/titane_regression.test.ts	179	invoke-call	CALL_SITE	PROVEN_STATIC_ONLY
src/tests/regression/titane_regression.test.ts	213	invoke-call	CALL_SITE	PROVEN_STATIC_ONLY
src/tests/regression/titane_regression.test.ts	251	invoke-call	CALL_SITE	PROVEN_STATIC_ONLY
src/tests/regression/titane_regression.test.ts	281	invoke-call	CALL_SITE	PROVEN_STATIC_ONLY
src/tests/regression/titane_regression.test.ts	331	invoke-call	CALL_SITE	PROVEN_STATIC_ONLY
src/tests/regression/titane_regression.test.ts	382	invoke-call	CALL_SITE	PROVEN_STATIC_ONLY
src/tests/regression/titane_regression.test.ts	419	invoke-call	CALL_SITE	PROVEN_STATIC_ONLY
src/tests/regression/titane_regression.test.ts	420	invoke-call	CALL_SITE	PROVEN_STATIC_ONLY
src/tests/regression/titane_regression.test.ts	483	invoke-call	CALL_SITE	PROVEN_STATIC_ONLY
src/tests/regression/titane_regression.test.ts	484	invoke-call	CALL_SITE	PROVEN_STATIC_ONLY
src/tests/regression/titane_regression.test.ts	485	invoke-call	CALL_SITE	PROVEN_STATIC_ONLY
src/tests/regression/titane_regression.test.ts	499	invoke-call	CALL_SITE	PROVEN_STATIC_ONLY
src/services/adaptiveBridgeV21.ts	91	invoke-call	CALL_SITE	PROVEN_STATIC_ONLY
src/services/adaptiveBridgeV21.ts	124	invoke-call	CALL_SITE	PROVEN_STATIC_ONLY
src/services/audio/audioSelfHeal.ts	229	invoke-call	CALL_SITE	PROVEN_STATIC_ONLY
src/services/api/index.ts	15	invoke-call	CALL_SITE	PROVEN_STATIC_ONLY
src/services/api/index.ts	126	invoke-call	CALL_SITE	PROVEN_STATIC_ONLY
src/services/api/index.ts	130	invoke-call	CALL_SITE	PROVEN_STATIC_ONLY
src/services/api/index.ts	136	invoke-call	CALL_SITE	PROVEN_STATIC_ONLY
src/services/api/index.ts	140	invoke-call	CALL_SITE	PROVEN_STATIC_ONLY
src/services/api/index.ts	144	invoke-call	CALL_SITE	PROVEN_STATIC_ONLY
src/services/api/index.ts	148	invoke-call	CALL_SITE	PROVEN_STATIC_ONLY
src/services/api/index.ts	152	invoke-call	CALL_SITE	PROVEN_STATIC_ONLY
src/tests/voice/voiceE2ETests.ts	209	invoke-call	CALL_SITE	PROVEN_STATIC_ONLY
src/tests/voice/voiceE2ETests.ts	212	invoke-call	CALL_SITE	PROVEN_STATIC_ONLY
src/tests/voice/voiceE2ETests.ts	223	invoke-call	CALL_SITE	PROVEN_STATIC_ONLY
src/tests/voice/voiceE2ETests.ts	226	invoke-call	CALL_SITE	PROVEN_STATIC_ONLY
src/tests/voice/voiceE2ETests.ts	239	invoke-call	CALL_SITE	PROVEN_STATIC_ONLY
src/tests/voice/voiceE2ETests.ts	240	invoke-call	CALL_SITE	PROVEN_STATIC_ONLY
src/tests/voice/voiceE2ETests.ts	252	invoke-call	CALL_SITE	PROVEN_STATIC_ONLY
src/tests/voice/voiceE2ETests.ts	265	invoke-call	CALL_SITE	PROVEN_STATIC_ONLY
src/tests/voice/voiceE2ETests.ts	272	invoke-call	CALL_SITE	PROVEN_STATIC_ONLY
src/tests/voice/voiceE2ETests.ts	287	invoke-call	CALL_SITE	PROVEN_STATIC_ONLY
src/tests/voice/voiceE2ETests.ts	300	invoke-call	CALL_SITE	PROVEN_STATIC_ONLY
src/tests/voice/voiceE2ETests.ts	311	invoke-call	CALL_SITE	PROVEN_STATIC_ONLY
src/tests/voice/voiceE2ETests.ts	321	invoke-call	CALL_SITE	PROVEN_STATIC_ONLY
src/tests/voice/voiceE2ETests.ts	334	invoke-call	CALL_SITE	PROVEN_STATIC_ONLY
src/tests/voice/voiceE2ETests.ts	337	invoke-call	CALL_SITE	PROVEN_STATIC_ONLY
src/tests/voice/voiceE2ETests.ts	351	invoke-call	CALL_SITE	PROVEN_STATIC_ONLY
src/tests/voice/voiceE2ETests.ts	355	invoke-call	CALL_SITE	PROVEN_STATIC_ONLY
src/tests/voice/voiceE2ETests.ts	363	invoke-call	CALL_SITE	PROVEN_STATIC_ONLY
src/tests/voice/voiceE2ETests.ts	380	invoke-call	CALL_SITE	PROVEN_STATIC_ONLY
src/tests/voice/voiceE2ETests.ts	386	invoke-call	CALL_SITE	PROVEN_STATIC_ONLY
src/tests/voice/voiceE2ETests.ts	392	invoke-call	CALL_SITE	PROVEN_STATIC_ONLY
src/tests/voice/voiceE2ETests.ts	412	invoke-call	CALL_SITE	PROVEN_STATIC_ONLY
src/tests/voice/voiceE2ETests.ts	415	invoke-call	CALL_SITE	PROVEN_STATIC_ONLY
src/tests/voice/voiceE2ETests.ts	428	invoke-call	CALL_SITE	PROVEN_STATIC_ONLY
src/tests/voice/voiceE2ETests.ts	431	invoke-call	CALL_SITE	PROVEN_STATIC_ONLY
src/tests/voice/voiceE2ETests.ts	436	invoke-call	CALL_SITE	PROVEN_STATIC_ONLY
src/tests/voice/voiceE2ETests.ts	446	invoke-call	CALL_SITE	PROVEN_STATIC_ONLY
src/tests/voice/voiceE2ETests.ts	450	invoke-call	CALL_SITE	PROVEN_STATIC_ONLY
src/tests/voice/voiceE2ETests.ts	459	invoke-call	CALL_SITE	PROVEN_STATIC_ONLY
src/tests/voice/voiceE2ETests.ts	460	invoke-call	CALL_SITE	PROVEN_STATIC_ONLY
src/tests/voice/voiceE2ETests.ts	471	invoke-call	CALL_SITE	PROVEN_STATIC_ONLY
src/tests/voice/voiceE2ETests.ts	480	invoke-call	CALL_SITE	PROVEN_STATIC_ONLY
src/tests/voice/voiceE2ETests.ts	489	invoke-call	CALL_SITE	PROVEN_STATIC_ONLY
src/tests/voice/voiceE2ETests.ts	503	invoke-call	CALL_SITE	PROVEN_STATIC_ONLY
src/tests/voice/voiceE2ETests.ts	507	invoke-call	CALL_SITE	PROVEN_STATIC_ONLY
src/tests/voice/voiceE2ETests.ts	511	invoke-call	CALL_SITE	PROVEN_STATIC_ONLY
src/tests/voice/voiceE2ETests.ts	528	invoke-call	CALL_SITE	PROVEN_STATIC_ONLY
src/tests/voice/voiceE2ETests.ts	530	invoke-call	CALL_SITE	PROVEN_STATIC_ONLY
src/tests/voice/voiceE2ETests.ts	538	invoke-call	CALL_SITE	PROVEN_STATIC_ONLY
src/tests/voice/voiceE2ETests.ts	553	invoke-call	CALL_SITE	PROVEN_STATIC_ONLY
src/tests/voice/voiceE2ETests.ts	565	invoke-call	CALL_SITE	PROVEN_STATIC_ONLY
src/tests/voice/voiceE2ETests.ts	573	invoke-call	CALL_SITE	PROVEN_STATIC_ONLY
src/tests/voice/voiceE2ETests.ts	581	invoke-call	CALL_SITE	PROVEN_STATIC_ONLY
src/tests/voice/voiceE2ETests.ts	629	invoke-call	CALL_SITE	PROVEN_STATIC_ONLY
src/services/audio/audioHealthCheck.ts	677	invoke-call	CALL_SITE	PROVEN_STATIC_ONLY
src/services/api/voice.ts	61	invoke-call	CALL_SITE	PROVEN_STATIC_ONLY
src/services/tts/ttsEngineService.ts	158	invoke-call	CALL_SITE	PROVEN_STATIC_ONLY
src/services/tts/ttsEngineService.ts	565	invoke-call	CALL_SITE	PROVEN_STATIC_ONLY
src/tests/activeListeningIntegration.test.ts	119	invoke-call	CALL_SITE	PROVEN_STATIC_ONLY
src/services/tts/hybridTTS.ts	489	invoke-call	CALL_SITE	PROVEN_STATIC_ONLY
src/services/unified/VectorStoreClient.ts	92	invoke-call	CALL_SITE	PROVEN_STATIC_ONLY
src/services/unified/VectorStoreClient.ts	242	invoke-call	CALL_SITE	PROVEN_STATIC_ONLY
src/services/unified/VectorStoreClient.ts	260	invoke-call	CALL_SITE	PROVEN_STATIC_ONLY
src/services/selfHealing/selfHealingExecutor.ts	118	invoke-call	CALL_SITE	PROVEN_STATIC_ONLY
src/services/selfHealing/selfHealingExecutor.ts	125	invoke-call	CALL_SITE	PROVEN_STATIC_ONLY
src/services/selfHealing/selfHealingExecutor.ts	132	invoke-call	CALL_SITE	PROVEN_STATIC_ONLY
src/services/selfHealing/selfHealingExecutor.ts	139	invoke-call	CALL_SITE	PROVEN_STATIC_ONLY
src/services/selfHealing/selfHealingExecutor.ts	146	invoke-call	CALL_SITE	PROVEN_STATIC_ONLY
src/services/selfHealing/selfHealingExecutor.ts	154	invoke-call	CALL_SITE	PROVEN_STATIC_ONLY
src/services/selfHealing/selfHealingExecutor.ts	161	invoke-call	CALL_SITE	PROVEN_STATIC_ONLY
src/services/selfHealing/selfHealingExecutor.ts	169	invoke-call	CALL_SITE	PROVEN_STATIC_ONLY
src/services/selfHealing/selfHealingExecutor.ts	182	invoke-call	CALL_SITE	PROVEN_STATIC_ONLY
src/services/selfHealing/selfHealingExecutor.ts	189	invoke-call	CALL_SITE	PROVEN_STATIC_ONLY
src/services/selfHealing/selfHealingExecutor.ts	196	invoke-call	CALL_SITE	PROVEN_STATIC_ONLY
src/services/selfHealing/selfHealingExecutor.ts	203	invoke-call	CALL_SITE	PROVEN_STATIC_ONLY
src/services/singularityBridge.ts	371	invoke-call	CALL_SITE	PROVEN_STATIC_ONLY
src/services/singularityBridge.ts	381	invoke-call	CALL_SITE	PROVEN_STATIC_ONLY
src/services/singularityBridge.ts	385	invoke-call	CALL_SITE	PROVEN_STATIC_ONLY
src/services/selfHealing/selfHealingSyncLayer.ts	438	invoke-call	CALL_SITE	PROVEN_STATIC_ONLY
src/services/selfHealing/selfHealingSyncLayer.ts	538	invoke-call	CALL_SITE	PROVEN_STATIC_ONLY
src/services/autoAuditEngine.ts	247	invoke-call	CALL_SITE	PROVEN_STATIC_ONLY
src/services/backup/AutoBackupService.ts	274	invoke-call	CALL_SITE	PROVEN_STATIC_ONLY
src/services/systemCenter/SystemCenterAutoFix.ts	242	invoke-call	CALL_SITE	PROVEN_STATIC_ONLY
src/services/systemCenter/SystemCenterAutoFix.ts	642	invoke-call	CALL_SITE	PROVEN_STATIC_ONLY
src/services/agendaService.ts	31	invoke-call	CALL_SITE	PROVEN_STATIC_ONLY
src/services/agendaService.ts	52	invoke-call	CALL_SITE	PROVEN_STATIC_ONLY
src/services/agendaService.ts	59	invoke-call	CALL_SITE	PROVEN_STATIC_ONLY
src/services/agendaService.ts	66	invoke-call	CALL_SITE	PROVEN_STATIC_ONLY
src/services/tauri/commands.ts	57	invoke-call	CALL_SITE	PROVEN_STATIC_ONLY
src/services/tauri/commands.ts	73	invoke-call	CALL_SITE	PROVEN_STATIC_ONLY
src/services/evolutionEngine/collector.ts	544	invoke-call	CALL_SITE	PROVEN_STATIC_ONLY
src/services/adminEngine/stateAggregator.ts	273	invoke-call	CALL_SITE	PROVEN_STATIC_ONLY
src/services/adminEngine/stateAggregator.ts	286	invoke-call	CALL_SITE	PROVEN_STATIC_ONLY
src/services/chat/chatModeService.ts	135	invoke-call	CALL_SITE	PROVEN_STATIC_ONLY
src/services/chat/chatModeService.ts	255	invoke-call	CALL_SITE	PROVEN_STATIC_ONLY
src/services/automation/automationXPService.ts	187	invoke-call	CALL_SITE	PROVEN_STATIC_ONLY
src/services/automation/automationXPService.ts	586	invoke-call	CALL_SITE	PROVEN_STATIC_ONLY
src/services/evolutionEngine/index.ts	254	invoke-call	CALL_SITE	PROVEN_STATIC_ONLY
src/services/cognitive/TauriVectorStore.ts	133	invoke-call	CALL_SITE	PROVEN_STATIC_ONLY
src/services/cognitive/TauriVectorStore.ts	211	invoke-call	CALL_SITE	PROVEN_STATIC_ONLY
src/services/cognitive/TauriVectorStore.ts	224	invoke-call	CALL_SITE	PROVEN_STATIC_ONLY
src/services/voice/voiceFingerprintTauri.ts	72	invoke-call	CALL_SITE	PROVEN_STATIC_ONLY
src/services/tauriClient.ts	4	invoke-call	CALL_SITE	PROVEN_STATIC_ONLY
src/services/evolutionEngine/evolutionEngine.bindings.ts	465	invoke-call	CALL_SITE	PROVEN_STATIC_ONLY
src/services/evolutionEngine/evolutionEngine.bindings.ts	472	invoke-call	CALL_SITE	PROVEN_STATIC_ONLY
src/services/devices/deviceHealthService.ts	400	invoke-call	CALL_SITE	PROVEN_STATIC_ONLY
src/services/ai/providers/tauriChat.ts	9	invoke-call	CALL_SITE	PROVEN_STATIC_ONLY
src/services/ai/providers/tauriChat.ts	379	invoke-call	CALL_SITE	PROVEN_STATIC_ONLY
src/os/bridge/TauriBridge.ts	32	invoke-call	CALL_SITE	PROVEN_STATIC_ONLY
src/os/bridge/TauriBridge.ts	162	invoke-call	CALL_SITE	PROVEN_STATIC_ONLY
src/os/bridge/TauriBridge.ts	172	invoke-call	CALL_SITE	PROVEN_STATIC_ONLY
src/os/bridge/StateBridge.ts	84	invoke-call	CALL_SITE	PROVEN_STATIC_ONLY
src/os/bridge/StateBridge.ts	116	invoke-call	CALL_SITE	PROVEN_STATIC_ONLY
src/os/bridge/StateBridge.ts	225	invoke-call	CALL_SITE	PROVEN_STATIC_ONLY
