source,destination,operation,reason,date
RELEASE_v28.6.0_SEALED.txt,_archive/01_root_reports/releases/RELEASE_v28.6.0_SEALED.txt,git mv,Archivage bruit racine v28.6.0,2026-03-22
RELEASE_v28.7.0_SEALED.txt,_archive/01_root_reports/releases/RELEASE_v28.7.0_SEALED.txt,git mv,Archivage bruit racine v28.7.0,2026-03-22
RELEASE_v28.8.0_SEALED.txt,_archive/01_root_reports/releases/RELEASE_v28.8.0_SEALED.txt,git mv,Archivage bruit racine v28.8.0,2026-03-22
RELEASE_v28.9.0_SEALED.txt,_archive/01_root_reports/releases/RELEASE_v28.9.0_SEALED.txt,git mv,Archivage bruit racine v28.9.0,2026-03-22
RELEASE_v28.10.0_SEALED.txt,_archive/01_root_reports/releases/RELEASE_v28.10.0_SEALED.txt,git mv,Archivage bruit racine v28.10.0,2026-03-22
RELEASE_v28.11.0_SEALED.txt,_archive/01_root_reports/releases/RELEASE_v28.11.0_SEALED.txt,git mv,Archivage bruit racine v28.11.0,2026-03-22
RELEASE_v28.12.0_SEALED.txt,_archive/01_root_reports/releases/RELEASE_v28.12.0_SEALED.txt,git mv,Archivage bruit racine v28.12.0,2026-03-22
RELEASE_v28.13.0_SEALED.txt,_archive/01_root_reports/releases/RELEASE_v28.13.0_SEALED.txt,git mv,Archivage bruit racine v28.13.0,2026-03-22
RELEASE_v28.14.0_SEALED.txt,_archive/01_root_reports/releases/RELEASE_v28.14.0_SEALED.txt,git mv,Archivage bruit racine v28.14.0,2026-03-22
RELEASE_v28.15.0_SEALED.txt,_archive/01_root_reports/releases/RELEASE_v28.15.0_SEALED.txt,git mv,Archivage bruit racine v28.15.0,2026-03-22
RELEASE_v28.16.0_SEALED.txt,_archive/01_root_reports/releases/RELEASE_v28.16.0_SEALED.txt,git mv,Archivage bruit racine v28.16.0,2026-03-22
RELEASE_v28.17.0_SEALED.txt,_archive/01_root_reports/releases/RELEASE_v28.17.0_SEALED.txt,git mv,Archivage bruit racine v28.17.0,2026-03-22
RELEASE_v28.18.0_SEALED.txt,_archive/01_root_reports/releases/RELEASE_v28.18.0_SEALED.txt,git mv,Archivage bruit racine v28.18.0,2026-03-22
RELEASE_v28.19.0_SEALED.txt,_archive/01_root_reports/releases/RELEASE_v28.19.0_SEALED.txt,git mv,Archivage bruit racine v28.19.0,2026-03-22
RELEASE_v28.20.0_SEALED.txt,_archive/01_root_reports/releases/RELEASE_v28.20.0_SEALED.txt,git mv,Archivage bruit racine v28.20.0,2026-03-22
RELEASE_v28.21.0_SEALED.txt,_archive/01_root_reports/releases/RELEASE_v28.21.0_SEALED.txt,git mv,Archivage bruit racine v28.21.0,2026-03-22
RELEASE_v28.22.0_SEALED.txt,_archive/01_root_reports/releases/RELEASE_v28.22.0_SEALED.txt,git mv,Archivage bruit racine v28.22.0,2026-03-22
RELEASE_v28.23.0_SEALED.txt,_archive/01_root_reports/releases/RELEASE_v28.23.0_SEALED.txt,git mv,Archivage bruit racine v28.23.0,2026-03-22
RELEASE_v28.24.0_SEALED.txt,_archive/01_root_reports/releases/RELEASE_v28.24.0_SEALED.txt,git mv,Archivage bruit racine v28.24.0,2026-03-22
RELEASE_v28.25.0_SEALED.txt,_archive/01_root_reports/releases/RELEASE_v28.25.0_SEALED.txt,git mv,Archivage bruit racine v28.25.0,2026-03-22
RELEASE_v28.26.0_SEALED.txt,_archive/01_root_reports/releases/RELEASE_v28.26.0_SEALED.txt,git mv,Archivage bruit racine v28.26.0,2026-03-22
RELEASE_v28.27.0_SEALED.txt,_archive/01_root_reports/releases/RELEASE_v28.27.0_SEALED.txt,git mv,Archivage bruit racine v28.27.0,2026-03-22
RELEASE_v28.28.0_SEALED.txt,_archive/01_root_reports/releases/RELEASE_v28.28.0_SEALED.txt,git mv,Archivage bruit racine v28.28.0,2026-03-22
RELEASE_v28.29.0_SEALED.txt,_archive/01_root_reports/releases/RELEASE_v28.29.0_SEALED.txt,git mv,Archivage bruit racine v28.29.0,2026-03-22
RELEASE_v28.30.0_SEALED.txt,_archive/01_root_reports/releases/RELEASE_v28.30.0_SEALED.txt,git mv,Archivage bruit racine v28.30.0,2026-03-22
RELEASE_v28.31.0_SEALED.txt,_archive/01_root_reports/releases/RELEASE_v28.31.0_SEALED.txt,git mv,Archivage bruit racine v28.31.0,2026-03-22
RELEASE_v28.32.0_SEALED.txt,_archive/01_root_reports/releases/RELEASE_v28.32.0_SEALED.txt,git mv,Archivage bruit racine v28.32.0,2026-03-22
RELEASE_v28.33.0_SEALED.txt,_archive/01_root_reports/releases/RELEASE_v28.33.0_SEALED.txt,git mv,Archivage bruit racine v28.33.0,2026-03-22
RELEASE_v28.34.0_SEALED.txt,_archive/01_root_reports/releases/RELEASE_v28.34.0_SEALED.txt,git mv,Archivage bruit racine v28.34.0,2026-03-22
RELEASE_v28.35.0_SEALED.txt,_archive/01_root_reports/releases/RELEASE_v28.35.0_SEALED.txt,git mv,Archivage bruit racine v28.35.0,2026-03-22
RELEASE_v28.36.0_SEALED.txt,_archive/01_root_reports/releases/RELEASE_v28.36.0_SEALED.txt,git mv,Archivage bruit racine v28.36.0,2026-03-22
RELEASE_v28.37.0_SEALED.txt,_archive/01_root_reports/releases/RELEASE_v28.37.0_SEALED.txt,git mv,Archivage bruit racine v28.37.0,2026-03-22
RELEASE_v28.38.0_SEALED.txt,_archive/01_root_reports/releases/RELEASE_v28.38.0_SEALED.txt,git mv,Archivage bruit racine v28.38.0,2026-03-22
RELEASE_v28.39.0_SEALED.txt,_archive/01_root_reports/releases/RELEASE_v28.39.0_SEALED.txt,git mv,Archivage bruit racine v28.39.0,2026-03-22
RELEASE_v28.40.0_SEALED.txt,_archive/01_root_reports/releases/RELEASE_v28.40.0_SEALED.txt,git mv,Archivage bruit racine v28.40.0,2026-03-22
RELEASE_v28.41.0_SEALED.txt,_archive/01_root_reports/releases/RELEASE_v28.41.0_SEALED.txt,git mv,Archivage bruit racine v28.41.0,2026-03-22
RELEASE_v28.42.0_SEALED.txt,_archive/01_root_reports/releases/RELEASE_v28.42.0_SEALED.txt,git mv,Archivage bruit racine v28.42.0,2026-03-22
RELEASE_v28.43.0_SEALED.txt,_archive/01_root_reports/releases/RELEASE_v28.43.0_SEALED.txt,git mv,Archivage bruit racine v28.43.0,2026-03-22
RELEASE_v28.44.0_SEALED.txt,_archive/01_root_reports/releases/RELEASE_v28.44.0_SEALED.txt,git mv,Archivage bruit racine v28.44.0,2026-03-22
RELEASE_v28.45.0_SEALED.txt,_archive/01_root_reports/releases/RELEASE_v28.45.0_SEALED.txt,git mv,Archivage bruit racine v28.45.0,2026-03-22
RELEASE_v28.46.0_SEALED.txt,_archive/01_root_reports/releases/RELEASE_v28.46.0_SEALED.txt,git mv,Archivage bruit racine v28.46.0,2026-03-22
RELEASE_v28.47.0_SEALED.txt,_archive/01_root_reports/releases/RELEASE_v28.47.0_SEALED.txt,git mv,Archivage bruit racine v28.47.0,2026-03-22
RELEASE_v28.48.0_SEALED.txt,_archive/01_root_reports/releases/RELEASE_v28.48.0_SEALED.txt,git mv,Archivage bruit racine v28.48.0,2026-03-22
RELEASE_v28.49.0_SEALED.txt,_archive/01_root_reports/releases/RELEASE_v28.49.0_SEALED.txt,git mv,Archivage bruit racine v28.49.0,2026-03-22
RELEASE_v28.50.0_SEALED.txt,_archive/01_root_reports/releases/RELEASE_v28.50.0_SEALED.txt,git mv,Archivage bruit racine v28.50.0,2026-03-22
RELEASE_v28.51.0_SEALED.txt,_archive/01_root_reports/releases/RELEASE_v28.51.0_SEALED.txt,git mv,Archivage bruit racine v28.51.0,2026-03-22
RELEASE_v28.52.0_SEALED.txt,_archive/01_root_reports/releases/RELEASE_v28.52.0_SEALED.txt,git mv,Archivage bruit racine v28.52.0,2026-03-22
RELEASE_v28.53.0_SEALED.txt,_archive/01_root_reports/releases/RELEASE_v28.53.0_SEALED.txt,git mv,Archivage bruit racine v28.53.0,2026-03-22
RELEASE_v28.54.0_SEALED.txt,_archive/01_root_reports/releases/RELEASE_v28.54.0_SEALED.txt,git mv,Archivage bruit racine v28.54.0,2026-03-22
RELEASE_v28.55.0_SEALED.txt,_archive/01_root_reports/releases/RELEASE_v28.55.0_SEALED.txt,git mv,Archivage bruit racine v28.55.0,2026-03-22
RELEASE_v28.56.0_SEALED.txt,_archive/01_root_reports/releases/RELEASE_v28.56.0_SEALED.txt,git mv,Archivage bruit racine v28.56.0,2026-03-22
RELEASE_v28.57.0_SEALED.txt,_archive/01_root_reports/releases/RELEASE_v28.57.0_SEALED.txt,git mv,Archivage bruit racine v28.57.0,2026-03-22
RELEASE_v28.58.0_SEALED.txt,_archive/01_root_reports/releases/RELEASE_v28.58.0_SEALED.txt,git mv,Archivage bruit racine v28.58.0,2026-03-22
RELEASE_v28.59.0_SEALED.txt,_archive/01_root_reports/releases/RELEASE_v28.59.0_SEALED.txt,git mv,Archivage bruit racine v28.59.0,2026-03-22
RELEASE_v28.60.0_SEALED.txt,_archive/01_root_reports/releases/RELEASE_v28.60.0_SEALED.txt,git mv,Archivage bruit racine v28.60.0,2026-03-22
RELEASE_v28.61.0_SEALED.txt,_archive/01_root_reports/releases/RELEASE_v28.61.0_SEALED.txt,git mv,Archivage bruit racine v28.61.0,2026-03-22
RELEASE_v28.62.0_SEALED.txt,_archive/01_root_reports/releases/RELEASE_v28.62.0_SEALED.txt,git mv,Archivage bruit racine v28.62.0,2026-03-22
RELEASE_v28.63.0_SEALED.txt,_archive/01_root_reports/releases/RELEASE_v28.63.0_SEALED.txt,git mv,Archivage bruit racine v28.63.0,2026-03-22
RELEASE_v28.64.0_SEALED.txt,_archive/01_root_reports/releases/RELEASE_v28.64.0_SEALED.txt,git mv,Archivage bruit racine v28.64.0,2026-03-22
RELEASE_v28.65.0_SEALED.txt,_archive/01_root_reports/releases/RELEASE_v28.65.0_SEALED.txt,git mv,Archivage bruit racine v28.65.0,2026-03-22
RELEASE_v28.66.0_SEALED.txt,_archive/01_root_reports/releases/RELEASE_v28.66.0_SEALED.txt,git mv,Archivage bruit racine v28.66.0,2026-03-22
RELEASE_v28.67.0_SEALED.txt,_archive/01_root_reports/releases/RELEASE_v28.67.0_SEALED.txt,git mv,Archivage bruit racine v28.67.0,2026-03-22
RELEASE_v28.68.0_SEALED.txt,_archive/01_root_reports/releases/RELEASE_v28.68.0_SEALED.txt,git mv,Archivage bruit racine v28.68.0,2026-03-22
RELEASE_v28.69.0_SEALED.txt,_archive/01_root_reports/releases/RELEASE_v28.69.0_SEALED.txt,git mv,Archivage bruit racine v28.69.0,2026-03-22
RELEASE_v28.70.0_SEALED.txt,_archive/01_root_reports/releases/RELEASE_v28.70.0_SEALED.txt,git mv,Archivage bruit racine v28.70.0,2026-03-22
RELEASE_v28.71.0_SEALED.txt,_archive/01_root_reports/releases/RELEASE_v28.71.0_SEALED.txt,git mv,Archivage bruit racine v28.71.0,2026-03-22
RELEASE_v28.72.0_SEALED.txt,_archive/01_root_reports/releases/RELEASE_v28.72.0_SEALED.txt,git mv,Archivage bruit racine v28.72.0,2026-03-22
RELEASE_v28.73.0_SEALED.txt,_archive/01_root_reports/releases/RELEASE_v28.73.0_SEALED.txt,git mv,Archivage bruit racine v28.73.0,2026-03-22
RELEASE_v28.74.0_SEALED.txt,_archive/01_root_reports/releases/RELEASE_v28.74.0_SEALED.txt,git mv,Archivage bruit racine v28.74.0,2026-03-22
RELEASE_v28.75.0_SEALED.txt,_archive/01_root_reports/releases/RELEASE_v28.75.0_SEALED.txt,git mv,Archivage bruit racine v28.75.0,2026-03-22
RELEASE_v28.76.0_SEALED.txt,_archive/01_root_reports/releases/RELEASE_v28.76.0_SEALED.txt,git mv,Archivage bruit racine v28.76.0,2026-03-22
RELEASE_v28.77.0_SEALED.txt,_archive/01_root_reports/releases/RELEASE_v28.77.0_SEALED.txt,git mv,Archivage bruit racine v28.77.0,2026-03-22
RELEASE_v28.78.0_SEALED.txt,_archive/01_root_reports/releases/RELEASE_v28.78.0_SEALED.txt,git mv,Archivage bruit racine v28.78.0,2026-03-22
RELEASE_v28.79.0_SEALED.txt,_archive/01_root_reports/releases/RELEASE_v28.79.0_SEALED.txt,git mv,Archivage bruit racine v28.79.0,2026-03-22
RELEASE_v28.80.0_SEALED.txt,_archive/01_root_reports/releases/RELEASE_v28.80.0_SEALED.txt,git mv,Archivage bruit racine v28.80.0,2026-03-22
RELEASE_ARTIFACTS_CHECKSUMS_28.6.0.txt,_archive/01_root_reports/releases/RELEASE_ARTIFACTS_CHECKSUMS_28.6.0.txt,git mv,Archivage bruit racine checksums v28.6.0,2026-03-22
RELEASE_ARTIFACTS_CHECKSUMS_28.7.0.txt,_archive/01_root_reports/releases/RELEASE_ARTIFACTS_CHECKSUMS_28.7.0.txt,git mv,Archivage bruit racine checksums v28.7.0,2026-03-22
RELEASE_ARTIFACTS_CHECKSUMS_28.8.0.txt,_archive/01_root_reports/releases/RELEASE_ARTIFACTS_CHECKSUMS_28.8.0.txt,git mv,Archivage bruit racine checksums v28.8.0,2026-03-22
RELEASE_ARTIFACTS_CHECKSUMS_28.9.0.txt,_archive/01_root_reports/releases/RELEASE_ARTIFACTS_CHECKSUMS_28.9.0.txt,git mv,Archivage bruit racine checksums v28.9.0,2026-03-22
RELEASE_ARTIFACTS_CHECKSUMS_28.10.0.txt,_archive/01_root_reports/releases/RELEASE_ARTIFACTS_CHECKSUMS_28.10.0.txt,git mv,Archivage bruit racine checksums v28.10.0,2026-03-22
RELEASE_ARTIFACTS_CHECKSUMS_28.11.0.txt,_archive/01_root_reports/releases/RELEASE_ARTIFACTS_CHECKSUMS_28.11.0.txt,git mv,Archivage bruit racine checksums v28.11.0,2026-03-22
RELEASE_ARTIFACTS_CHECKSUMS_28.12.0.txt,_archive/01_root_reports/releases/RELEASE_ARTIFACTS_CHECKSUMS_28.12.0.txt,git mv,Archivage bruit racine checksums v28.12.0,2026-03-22
RELEASE_ARTIFACTS_CHECKSUMS_28.13.0.txt,_archive/01_root_reports/releases/RELEASE_ARTIFACTS_CHECKSUMS_28.13.0.txt,git mv,Archivage bruit racine checksums v28.13.0,2026-03-22
RELEASE_ARTIFACTS_CHECKSUMS_28.14.0.txt,_archive/01_root_reports/releases/RELEASE_ARTIFACTS_CHECKSUMS_28.14.0.txt,git mv,Archivage bruit racine checksums v28.14.0,2026-03-22
RELEASE_ARTIFACTS_CHECKSUMS_28.15.0.txt,_archive/01_root_reports/releases/RELEASE_ARTIFACTS_CHECKSUMS_28.15.0.txt,git mv,Archivage bruit racine checksums v28.15.0,2026-03-22
RELEASE_ARTIFACTS_CHECKSUMS_28.16.0.txt,_archive/01_root_reports/releases/RELEASE_ARTIFACTS_CHECKSUMS_28.16.0.txt,git mv,Archivage bruit racine checksums v28.16.0,2026-03-22
RELEASE_ARTIFACTS_CHECKSUMS_28.17.0.txt,_archive/01_root_reports/releases/RELEASE_ARTIFACTS_CHECKSUMS_28.17.0.txt,git mv,Archivage bruit racine checksums v28.17.0,2026-03-22
RELEASE_ARTIFACTS_CHECKSUMS_28.18.0.txt,_archive/01_root_reports/releases/RELEASE_ARTIFACTS_CHECKSUMS_28.18.0.txt,git mv,Archivage bruit racine checksums v28.18.0,2026-03-22
RELEASE_ARTIFACTS_CHECKSUMS_28.19.0.txt,_archive/01_root_reports/releases/RELEASE_ARTIFACTS_CHECKSUMS_28.19.0.txt,git mv,Archivage bruit racine checksums v28.19.0,2026-03-22
RELEASE_ARTIFACTS_CHECKSUMS_28.20.0.txt,_archive/01_root_reports/releases/RELEASE_ARTIFACTS_CHECKSUMS_28.20.0.txt,git mv,Archivage bruit racine checksums v28.20.0,2026-03-22
RELEASE_ARTIFACTS_CHECKSUMS_28.21.0.txt,_archive/01_root_reports/releases/RELEASE_ARTIFACTS_CHECKSUMS_28.21.0.txt,git mv,Archivage bruit racine checksums v28.21.0,2026-03-22
RELEASE_ARTIFACTS_CHECKSUMS_28.22.0.txt,_archive/01_root_reports/releases/RELEASE_ARTIFACTS_CHECKSUMS_28.22.0.txt,git mv,Archivage bruit racine checksums v28.22.0,2026-03-22
RELEASE_ARTIFACTS_CHECKSUMS_28.23.0.txt,_archive/01_root_reports/releases/RELEASE_ARTIFACTS_CHECKSUMS_28.23.0.txt,git mv,Archivage bruit racine checksums v28.23.0,2026-03-22
RELEASE_ARTIFACTS_CHECKSUMS_28.24.0.txt,_archive/01_root_reports/releases/RELEASE_ARTIFACTS_CHECKSUMS_28.24.0.txt,git mv,Archivage bruit racine checksums v28.24.0,2026-03-22
RELEASE_ARTIFACTS_CHECKSUMS_28.25.0.txt,_archive/01_root_reports/releases/RELEASE_ARTIFACTS_CHECKSUMS_28.25.0.txt,git mv,Archivage bruit racine checksums v28.25.0,2026-03-22
RELEASE_ARTIFACTS_CHECKSUMS_28.26.0.txt,_archive/01_root_reports/releases/RELEASE_ARTIFACTS_CHECKSUMS_28.26.0.txt,git mv,Archivage bruit racine checksums v28.26.0,2026-03-22
RELEASE_ARTIFACTS_CHECKSUMS_28.27.0.txt,_archive/01_root_reports/releases/RELEASE_ARTIFACTS_CHECKSUMS_28.27.0.txt,git mv,Archivage bruit racine checksums v28.27.0,2026-03-22
RELEASE_ARTIFACTS_CHECKSUMS_28.28.0.txt,_archive/01_root_reports/releases/RELEASE_ARTIFACTS_CHECKSUMS_28.28.0.txt,git mv,Archivage bruit racine checksums v28.28.0,2026-03-22
RELEASE_ARTIFACTS_CHECKSUMS_28.29.0.txt,_archive/01_root_reports/releases/RELEASE_ARTIFACTS_CHECKSUMS_28.29.0.txt,git mv,Archivage bruit racine checksums v28.29.0,2026-03-22
RELEASE_ARTIFACTS_CHECKSUMS_28.30.0.txt,_archive/01_root_reports/releases/RELEASE_ARTIFACTS_CHECKSUMS_28.30.0.txt,git mv,Archivage bruit racine checksums v28.30.0,2026-03-22
RELEASE_ARTIFACTS_CHECKSUMS_28.31.0.txt,_archive/01_root_reports/releases/RELEASE_ARTIFACTS_CHECKSUMS_28.31.0.txt,git mv,Archivage bruit racine checksums v28.31.0,2026-03-22
RELEASE_ARTIFACTS_CHECKSUMS_28.32.0.txt,_archive/01_root_reports/releases/RELEASE_ARTIFACTS_CHECKSUMS_28.32.0.txt,git mv,Archivage bruit racine checksums v28.32.0,2026-03-22
RELEASE_ARTIFACTS_CHECKSUMS_28.33.0.txt,_archive/01_root_reports/releases/RELEASE_ARTIFACTS_CHECKSUMS_28.33.0.txt,git mv,Archivage bruit racine checksums v28.33.0,2026-03-22
RELEASE_ARTIFACTS_CHECKSUMS_28.34.0.txt,_archive/01_root_reports/releases/RELEASE_ARTIFACTS_CHECKSUMS_28.34.0.txt,git mv,Archivage bruit racine checksums v28.34.0,2026-03-22
RELEASE_ARTIFACTS_CHECKSUMS_28.35.0.txt,_archive/01_root_reports/releases/RELEASE_ARTIFACTS_CHECKSUMS_28.35.0.txt,git mv,Archivage bruit racine checksums v28.35.0,2026-03-22
RELEASE_ARTIFACTS_CHECKSUMS_28.36.0.txt,_archive/01_root_reports/releases/RELEASE_ARTIFACTS_CHECKSUMS_28.36.0.txt,git mv,Archivage bruit racine checksums v28.36.0,2026-03-22
RELEASE_ARTIFACTS_CHECKSUMS_28.37.0.txt,_archive/01_root_reports/releases/RELEASE_ARTIFACTS_CHECKSUMS_28.37.0.txt,git mv,Archivage bruit racine checksums v28.37.0,2026-03-22
RELEASE_ARTIFACTS_CHECKSUMS_28.38.0.txt,_archive/01_root_reports/releases/RELEASE_ARTIFACTS_CHECKSUMS_28.38.0.txt,git mv,Archivage bruit racine checksums v28.38.0,2026-03-22
RELEASE_ARTIFACTS_CHECKSUMS_28.39.0.txt,_archive/01_root_reports/releases/RELEASE_ARTIFACTS_CHECKSUMS_28.39.0.txt,git mv,Archivage bruit racine checksums v28.39.0,2026-03-22
RELEASE_ARTIFACTS_CHECKSUMS_28.40.0.txt,_archive/01_root_reports/releases/RELEASE_ARTIFACTS_CHECKSUMS_28.40.0.txt,git mv,Archivage bruit racine checksums v28.40.0,2026-03-22
RELEASE_ARTIFACTS_CHECKSUMS_28.41.0.txt,_archive/01_root_reports/releases/RELEASE_ARTIFACTS_CHECKSUMS_28.41.0.txt,git mv,Archivage bruit racine checksums v28.41.0,2026-03-22
RELEASE_ARTIFACTS_CHECKSUMS_28.42.0.txt,_archive/01_root_reports/releases/RELEASE_ARTIFACTS_CHECKSUMS_28.42.0.txt,git mv,Archivage bruit racine checksums v28.42.0,2026-03-22
RELEASE_ARTIFACTS_CHECKSUMS_28.43.0.txt,_archive/01_root_reports/releases/RELEASE_ARTIFACTS_CHECKSUMS_28.43.0.txt,git mv,Archivage bruit racine checksums v28.43.0,2026-03-22
RELEASE_ARTIFACTS_CHECKSUMS_28.44.0.txt,_archive/01_root_reports/releases/RELEASE_ARTIFACTS_CHECKSUMS_28.44.0.txt,git mv,Archivage bruit racine checksums v28.44.0,2026-03-22
RELEASE_ARTIFACTS_CHECKSUMS_28.45.0.txt,_archive/01_root_reports/releases/RELEASE_ARTIFACTS_CHECKSUMS_28.45.0.txt,git mv,Archivage bruit racine checksums v28.45.0,2026-03-22
RELEASE_ARTIFACTS_CHECKSUMS_28.46.0.txt,_archive/01_root_reports/releases/RELEASE_ARTIFACTS_CHECKSUMS_28.46.0.txt,git mv,Archivage bruit racine checksums v28.46.0,2026-03-22
RELEASE_ARTIFACTS_CHECKSUMS_28.47.0.txt,_archive/01_root_reports/releases/RELEASE_ARTIFACTS_CHECKSUMS_28.47.0.txt,git mv,Archivage bruit racine checksums v28.47.0,2026-03-22
RELEASE_ARTIFACTS_CHECKSUMS_28.48.0.txt,_archive/01_root_reports/releases/RELEASE_ARTIFACTS_CHECKSUMS_28.48.0.txt,git mv,Archivage bruit racine checksums v28.48.0,2026-03-22
RELEASE_ARTIFACTS_CHECKSUMS_28.49.0.txt,_archive/01_root_reports/releases/RELEASE_ARTIFACTS_CHECKSUMS_28.49.0.txt,git mv,Archivage bruit racine checksums v28.49.0,2026-03-22
RELEASE_ARTIFACTS_CHECKSUMS_28.50.0.txt,_archive/01_root_reports/releases/RELEASE_ARTIFACTS_CHECKSUMS_28.50.0.txt,git mv,Archivage bruit racine checksums v28.50.0,2026-03-22
RELEASE_ARTIFACTS_CHECKSUMS_28.51.0.txt,_archive/01_root_reports/releases/RELEASE_ARTIFACTS_CHECKSUMS_28.51.0.txt,git mv,Archivage bruit racine checksums v28.51.0,2026-03-22
RELEASE_ARTIFACTS_CHECKSUMS_28.52.0.txt,_archive/01_root_reports/releases/RELEASE_ARTIFACTS_CHECKSUMS_28.52.0.txt,git mv,Archivage bruit racine checksums v28.52.0,2026-03-22
RELEASE_ARTIFACTS_CHECKSUMS_28.53.0.txt,_archive/01_root_reports/releases/RELEASE_ARTIFACTS_CHECKSUMS_28.53.0.txt,git mv,Archivage bruit racine checksums v28.53.0,2026-03-22
RELEASE_ARTIFACTS_CHECKSUMS_28.54.0.txt,_archive/01_root_reports/releases/RELEASE_ARTIFACTS_CHECKSUMS_28.54.0.txt,git mv,Archivage bruit racine checksums v28.54.0,2026-03-22
RELEASE_ARTIFACTS_CHECKSUMS_28.55.0.txt,_archive/01_root_reports/releases/RELEASE_ARTIFACTS_CHECKSUMS_28.55.0.txt,git mv,Archivage bruit racine checksums v28.55.0,2026-03-22
RELEASE_ARTIFACTS_CHECKSUMS_28.56.0.txt,_archive/01_root_reports/releases/RELEASE_ARTIFACTS_CHECKSUMS_28.56.0.txt,git mv,Archivage bruit racine checksums v28.56.0,2026-03-22
RELEASE_ARTIFACTS_CHECKSUMS_28.57.0.txt,_archive/01_root_reports/releases/RELEASE_ARTIFACTS_CHECKSUMS_28.57.0.txt,git mv,Archivage bruit racine checksums v28.57.0,2026-03-22
RELEASE_ARTIFACTS_CHECKSUMS_28.58.0.txt,_archive/01_root_reports/releases/RELEASE_ARTIFACTS_CHECKSUMS_28.58.0.txt,git mv,Archivage bruit racine checksums v28.58.0,2026-03-22
RELEASE_ARTIFACTS_CHECKSUMS_28.59.0.txt,_archive/01_root_reports/releases/RELEASE_ARTIFACTS_CHECKSUMS_28.59.0.txt,git mv,Archivage bruit racine checksums v28.59.0,2026-03-22
RELEASE_ARTIFACTS_CHECKSUMS_28.60.0.txt,_archive/01_root_reports/releases/RELEASE_ARTIFACTS_CHECKSUMS_28.60.0.txt,git mv,Archivage bruit racine checksums v28.60.0,2026-03-22
RELEASE_ARTIFACTS_CHECKSUMS_28.61.0.txt,_archive/01_root_reports/releases/RELEASE_ARTIFACTS_CHECKSUMS_28.61.0.txt,git mv,Archivage bruit racine checksums v28.61.0,2026-03-22
RELEASE_ARTIFACTS_CHECKSUMS_28.62.0.txt,_archive/01_root_reports/releases/RELEASE_ARTIFACTS_CHECKSUMS_28.62.0.txt,git mv,Archivage bruit racine checksums v28.62.0,2026-03-22
RELEASE_ARTIFACTS_CHECKSUMS_28.63.0.txt,_archive/01_root_reports/releases/RELEASE_ARTIFACTS_CHECKSUMS_28.63.0.txt,git mv,Archivage bruit racine checksums v28.63.0,2026-03-22
RELEASE_ARTIFACTS_CHECKSUMS_28.64.0.txt,_archive/01_root_reports/releases/RELEASE_ARTIFACTS_CHECKSUMS_28.64.0.txt,git mv,Archivage bruit racine checksums v28.64.0,2026-03-22
RELEASE_ARTIFACTS_CHECKSUMS_28.65.0.txt,_archive/01_root_reports/releases/RELEASE_ARTIFACTS_CHECKSUMS_28.65.0.txt,git mv,Archivage bruit racine checksums v28.65.0,2026-03-22
RELEASE_ARTIFACTS_CHECKSUMS_28.66.0.txt,_archive/01_root_reports/releases/RELEASE_ARTIFACTS_CHECKSUMS_28.66.0.txt,git mv,Archivage bruit racine checksums v28.66.0,2026-03-22
RELEASE_ARTIFACTS_CHECKSUMS_28.67.0.txt,_archive/01_root_reports/releases/RELEASE_ARTIFACTS_CHECKSUMS_28.67.0.txt,git mv,Archivage bruit racine checksums v28.67.0,2026-03-22
RELEASE_ARTIFACTS_CHECKSUMS_28.68.0.txt,_archive/01_root_reports/releases/RELEASE_ARTIFACTS_CHECKSUMS_28.68.0.txt,git mv,Archivage bruit racine checksums v28.68.0,2026-03-22
RELEASE_ARTIFACTS_CHECKSUMS_28.69.0.txt,_archive/01_root_reports/releases/RELEASE_ARTIFACTS_CHECKSUMS_28.69.0.txt,git mv,Archivage bruit racine checksums v28.69.0,2026-03-22
RELEASE_ARTIFACTS_CHECKSUMS_28.70.0.txt,_archive/01_root_reports/releases/RELEASE_ARTIFACTS_CHECKSUMS_28.70.0.txt,git mv,Archivage bruit racine checksums v28.70.0,2026-03-22
RELEASE_ARTIFACTS_CHECKSUMS_28.71.0.txt,_archive/01_root_reports/releases/RELEASE_ARTIFACTS_CHECKSUMS_28.71.0.txt,git mv,Archivage bruit racine checksums v28.71.0,2026-03-22
RELEASE_ARTIFACTS_CHECKSUMS_28.72.0.txt,_archive/01_root_reports/releases/RELEASE_ARTIFACTS_CHECKSUMS_28.72.0.txt,git mv,Archivage bruit racine checksums v28.72.0,2026-03-22
RELEASE_ARTIFACTS_CHECKSUMS_28.73.0.txt,_archive/01_root_reports/releases/RELEASE_ARTIFACTS_CHECKSUMS_28.73.0.txt,git mv,Archivage bruit racine checksums v28.73.0,2026-03-22
RELEASE_ARTIFACTS_CHECKSUMS_28.74.0.txt,_archive/01_root_reports/releases/RELEASE_ARTIFACTS_CHECKSUMS_28.74.0.txt,git mv,Archivage bruit racine checksums v28.74.0,2026-03-22
RELEASE_ARTIFACTS_CHECKSUMS_28.75.0.txt,_archive/01_root_reports/releases/RELEASE_ARTIFACTS_CHECKSUMS_28.75.0.txt,git mv,Archivage bruit racine checksums v28.75.0,2026-03-22
RELEASE_ARTIFACTS_CHECKSUMS_28.76.0.txt,_archive/01_root_reports/releases/RELEASE_ARTIFACTS_CHECKSUMS_28.76.0.txt,git mv,Archivage bruit racine checksums v28.76.0,2026-03-22
RELEASE_ARTIFACTS_CHECKSUMS_28.77.0.txt,_archive/01_root_reports/releases/RELEASE_ARTIFACTS_CHECKSUMS_28.77.0.txt,git mv,Archivage bruit racine checksums v28.77.0,2026-03-22
RELEASE_ARTIFACTS_CHECKSUMS_28.78.0.txt,_archive/01_root_reports/releases/RELEASE_ARTIFACTS_CHECKSUMS_28.78.0.txt,git mv,Archivage bruit racine checksums v28.78.0,2026-03-22
RELEASE_ARTIFACTS_CHECKSUMS_28.79.0.txt,_archive/01_root_reports/releases/RELEASE_ARTIFACTS_CHECKSUMS_28.79.0.txt,git mv,Archivage bruit racine checksums v28.79.0,2026-03-22
RELEASE_ARTIFACTS_CHECKSUMS_28.80.0.txt,_archive/01_root_reports/releases/RELEASE_ARTIFACTS_CHECKSUMS_28.80.0.txt,git mv,Archivage bruit racine checksums v28.80.0,2026-03-22
nohup.out,DELETED,git rm,Résidu transient vite (114 bytes) non référencé,2026-03-22
