path	files	total_bytes
proof_packs/DOCTRINE_RESOLUTION_PROOF_PACKS_2026-03-07_1225_757ae4d4c/	54	5304638959
proof_packs/UI_E2E_TOTAL_2026-03-06_1646_5a48aa005/	116	164205674
proof_packs/PROD_ARTIFACT_ALIGNMENT_2026-03-07_1457_757ae4d4c9/	20	88538972
proof_packs/TRUTH_HEAL_MAPS_2026-03-07_1249_0af062e88/	51	28370507
proof_packs/PR_CI_UNBLOCK_2026-03-06_1847_5a48aa005/	109	8083386
proof_packs/SEAL_READINESS_2026-03-07_1309_0af062e88/	33	693011
proof_packs/FINAL_LOCAL_PROD_STABLE_INSTALL_2026-03-07_1600_757ae4d4c9/	31	194882
proof_packs/HYGIENE_RERUN_KEEP_UNTRACKED_2026-03-07_1233_757ae4d4c/	44	183272
proof_packs/WORKSPACE_HYGIENE_AND_SEAL_2026-03-07_0711_757ae4d4c/	50	104633
proof_packs/PROD_BUILD_DEPLOY_RETRY_2026-03-07_1417_757ae4d4c9/	41	104041
