path,ring,role,authority,read_write,runtime_consumed,test_covered
"""docs/99_ARCHIVE/sessions/PHASE_5_MEMORY_SELFHEAL_REPORT_v/342/210/236.40.md""","cross-ring","memory-related","legacy/risk","read/metadata","risk","needs cross-ref"
"""docs/99_ARCHIVE/sessions/SEMANTIC_MEMORY_REPORT_v/342/210/236.39.md""","cross-ring","memory-related","legacy/risk","read/metadata","risk","needs cross-ref"
"""docs/99_ARCHIVE/sessions/TITANE_MEMORY_OS_v20/316/251_REPORT.md""","cross-ring","backend memory engine","legacy/risk","read/metadata","risk","needs cross-ref"
".github/agents/memory-architecture-master.agent.md","cross-ring","memory-related","unknown","read/metadata","no/unknown","needs cross-ref"
".github/agents/memory-backend-master.agent.md","cross-ring","memory-related","unknown","read/metadata","no/unknown","needs cross-ref"
".github/agents/memory-explainability-analyst.agent.md","cross-ring","memory-related","unknown","read/metadata","no/unknown","needs cross-ref"
".github/agents/memory-frontend-master.agent.md","cross-ring","memory-related","unknown","read/metadata","no/unknown","needs cross-ref"
".github/agents/memory-graph-relations.agent.md","cross-ring","memory-related","unknown","read/metadata","no/unknown","needs cross-ref"
".github/agents/memory-migration-analyst.agent.md","cross-ring","memory-related","unknown","read/metadata","no/unknown","needs cross-ref"
".github/agents/memory-orchestrator.agent.md","cross-ring","memory-related","unknown","read/metadata","no/unknown","needs cross-ref"
".github/agents/memory-qa-ops-master.agent.md","cross-ring","memory-related","unknown","read/metadata","no/unknown","needs cross-ref"
".github/agents/memory-regression-authority.agent.md","cross-ring","memory-related","unknown","read/metadata","no/unknown","needs cross-ref"
".github/agents/memory-release-validator.agent.md","cross-ring","memory-related","unknown","read/metadata","no/unknown","needs cross-ref"
".github/agents/memory-root-commander.agent.md","cross-ring","memory-related","unknown","read/metadata","no/unknown","needs cross-ref"
".github/agents/memory-schema-analyst.agent.md","cross-ring","memory-related","unknown","read/metadata","no/unknown","needs cross-ref"
"_archive/DevTools_experimental_20251215/DevTools/panels/MemoryInspector.tsx","cross-ring","memory-related","legacy/risk","read/metadata","risk","needs cross-ref"
"_archive/devtools_utilities_20251215/devtools/MemoryExplorer.ts","cross-ring","memory-related","legacy/risk","read/metadata","risk","needs cross-ref"
"_archive/proof_packs_2026-03-26/MEMORY_INJECTION_CLOSURE_2026-03-20_2229_69c1c948f/00_EXEC_SUMMARY.md","cross-ring","memory-related","legacy/risk","read/metadata","risk","needs cross-ref"
"_archive/proof_packs_2026-03-26/MEMORY_INJECTION_CLOSURE_2026-03-20_2229_69c1c948f/01_POSTFIX_SCOPE.md","cross-ring","memory-related","legacy/risk","read/metadata","risk","needs cross-ref"
"_archive/proof_packs_2026-03-26/MEMORY_INJECTION_CLOSURE_2026-03-20_2229_69c1c948f/02_MEMORY_INJECTION_CHAIN.md","cross-ring","memory-related","legacy/risk","read/metadata","risk","needs cross-ref"
"_archive/proof_packs_2026-03-26/MEMORY_INJECTION_CLOSURE_2026-03-20_2229_69c1c948f/03_LTM_FULL_CONTENT_RECALL_MAP.md","cross-ring","memory-related","legacy/risk","read/metadata","risk","needs cross-ref"
"_archive/proof_packs_2026-03-26/MEMORY_INJECTION_CLOSURE_2026-03-20_2229_69c1c948f/04_MEMORY_CONTEXT_COMPILER_MAP.md","cross-ring","memory-related","legacy/risk","read/metadata","risk","needs cross-ref"
"_archive/proof_packs_2026-03-26/MEMORY_INJECTION_CLOSURE_2026-03-20_2229_69c1c948f/05_MEMORY_CONSUMPTION_PROOF_CHAIN.md","cross-ring","memory-related","legacy/risk","read/metadata","risk","needs cross-ref"
"_archive/proof_packs_2026-03-26/MEMORY_INJECTION_CLOSURE_2026-03-20_2229_69c1c948f/06_GATES_REPORT.md","cross-ring","memory-related","legacy/risk","read/metadata","risk","needs cross-ref"
"_archive/proof_packs_2026-03-26/MEMORY_INJECTION_CLOSURE_2026-03-20_2229_69c1c948f/07_DIFF_FILES.md","cross-ring","memory-related","legacy/risk","read/metadata","risk","needs cross-ref"
"_archive/proof_packs_2026-03-26/MEMORY_INJECTION_CLOSURE_2026-03-20_2229_69c1c948f/08_ROLLBACK.md","cross-ring","memory-related","legacy/risk","read/metadata","risk","needs cross-ref"
"_archive/proof_packs_2026-03-26/MEMORY_INJECTION_CLOSURE_2026-03-20_2229_69c1c948f/09_VERDICT.md","cross-ring","memory-related","legacy/risk","read/metadata","risk","needs cross-ref"
"_archive/proof_packs_2026-03-26/MEMORY_PAGE_RUNTIME_HEAL_2026-03-18_0021_0ea87b257/00_EXEC_SUMMARY.md","cross-ring","memory-related","legacy/risk","read/metadata","risk","needs cross-ref"
"_archive/proof_packs_2026-03-26/MEMORY_PAGE_RUNTIME_HEAL_2026-03-18_0021_0ea87b257/01_BOOTSTRAP.md","cross-ring","memory-related","legacy/risk","read/metadata","risk","needs cross-ref"
"_archive/proof_packs_2026-03-26/MEMORY_PAGE_RUNTIME_HEAL_2026-03-18_0021_0ea87b257/03_MEMORY_SURFACE_MAP.md","cross-ring","memory-related","legacy/risk","read/metadata","risk","needs cross-ref"
"_archive/proof_packs_2026-03-26/MEMORY_PAGE_RUNTIME_HEAL_2026-03-18_0021_0ea87b257/04_MEMORY_CHAIN_MATRIX.md","cross-ring","memory-related","legacy/risk","read/metadata","risk","needs cross-ref"
"_archive/proof_packs_2026-03-26/MEMORY_PAGE_RUNTIME_HEAL_2026-03-18_0021_0ea87b257/05_MEMORY_COMMAND_TRUTH.md","cross-ring","memory-related","legacy/risk","read/metadata","risk","needs cross-ref"
"_archive/proof_packs_2026-03-26/MEMORY_PAGE_RUNTIME_HEAL_2026-03-18_0021_0ea87b257/06_CONTRACT_VALIDATION.md","cross-ring","memory-related","legacy/risk","read/metadata","risk","needs cross-ref"
"_archive/proof_packs_2026-03-26/MEMORY_PAGE_RUNTIME_HEAL_2026-03-18_0021_0ea87b257/07_RUNTIME_ERROR_CAPTURE.md","cross-ring","memory-related","legacy/risk","read/metadata","risk","needs cross-ref"
"_archive/proof_packs_2026-03-26/MEMORY_PAGE_RUNTIME_HEAL_2026-03-18_0021_0ea87b257/08_GATES_REPORT.md","cross-ring","memory-related","legacy/risk","read/metadata","risk","needs cross-ref"
"_archive/proof_packs_2026-03-26/MEMORY_PAGE_RUNTIME_HEAL_2026-03-18_0021_0ea87b257/09_DIFF_FILES.md","cross-ring","memory-related","legacy/risk","read/metadata","risk","needs cross-ref"
"_archive/proof_packs_2026-03-26/MEMORY_PAGE_RUNTIME_HEAL_2026-03-18_0021_0ea87b257/10_ROLLBACK.md","cross-ring","memory-related","legacy/risk","read/metadata","risk","needs cross-ref"
"_archive/proof_packs_2026-03-26/MEMORY_PAGE_RUNTIME_HEAL_2026-03-18_0021_0ea87b257/11_VERDICT.md","cross-ring","memory-related","legacy/risk","read/metadata","risk","needs cross-ref"
"_archive/proof_packs_2026-03-26/MEMORY_RESTORE_CLOSURE_2026-03-20_2247_61df44d0b/00_EXEC_SUMMARY.md","cross-ring","memory-related","legacy/risk","read/metadata","risk","needs cross-ref"
"_archive/proof_packs_2026-03-26/MEMORY_RESTORE_CLOSURE_2026-03-20_2247_61df44d0b/01_POSTFIX_SCOPE.md","cross-ring","memory-related","legacy/risk","read/metadata","risk","needs cross-ref"
"_archive/proof_packs_2026-03-26/MEMORY_RESTORE_CLOSURE_2026-03-20_2247_61df44d0b/02_BACKUP_COVERAGE_MAP.md","cross-ring","memory-related","legacy/risk","read/metadata","risk","needs cross-ref"
"_archive/proof_packs_2026-03-26/MEMORY_RESTORE_CLOSURE_2026-03-20_2247_61df44d0b/03_MEMORY_RESTORE_CHAIN.md","cross-ring","memory-related","legacy/risk","read/metadata","risk","needs cross-ref"
"_archive/proof_packs_2026-03-26/MEMORY_RESTORE_CLOSURE_2026-03-20_2247_61df44d0b/04_RUST_LTM_BACKUP_PATH_MAP.md","cross-ring","memory-related","legacy/risk","read/metadata","risk","needs cross-ref"
"_archive/proof_packs_2026-03-26/MEMORY_RESTORE_CLOSURE_2026-03-20_2247_61df44d0b/05_CROSS_SESSION_RESTORE_PROOF_MAP.md","cross-ring","memory-related","legacy/risk","read/metadata","risk","needs cross-ref"
"_archive/proof_packs_2026-03-26/MEMORY_RESTORE_CLOSURE_2026-03-20_2247_61df44d0b/06_GATES_REPORT.md","cross-ring","memory-related","legacy/risk","read/metadata","risk","needs cross-ref"
"_archive/proof_packs_2026-03-26/MEMORY_RESTORE_CLOSURE_2026-03-20_2247_61df44d0b/07_DIFF_FILES.md","cross-ring","memory-related","legacy/risk","read/metadata","risk","needs cross-ref"
"_archive/proof_packs_2026-03-26/MEMORY_RESTORE_CLOSURE_2026-03-20_2247_61df44d0b/08_ROLLBACK.md","cross-ring","memory-related","legacy/risk","read/metadata","risk","needs cross-ref"
"_archive/proof_packs_2026-03-26/MEMORY_RESTORE_CLOSURE_2026-03-20_2247_61df44d0b/09_VERDICT.md","cross-ring","memory-related","legacy/risk","read/metadata","risk","needs cross-ref"
"_archive/proof_packs_2026-03-26/MEMORY_SEALING_STM_MTM_LTM_2026-03-20_2214_ce2cbecac/00_EXEC_SUMMARY.md","cross-ring","memory-related","legacy/risk","read/metadata","risk","needs cross-ref"
"_archive/proof_packs_2026-03-26/MEMORY_SEALING_STM_MTM_LTM_2026-03-20_2214_ce2cbecac/01_BOOTSTRAP.md","cross-ring","memory-related","legacy/risk","read/metadata","risk","needs cross-ref"
"_archive/proof_packs_2026-03-26/MEMORY_SEALING_STM_MTM_LTM_2026-03-20_2214_ce2cbecac/02_MEMORY_AUTHORITY_MAP.md","cross-ring","memory-related","legacy/risk","read/metadata","risk","needs cross-ref"
"_archive/proof_packs_2026-03-26/MEMORY_SEALING_STM_MTM_LTM_2026-03-20_2214_ce2cbecac/03_STM_MTM_LTM_FLOW_MAP.md","cross-ring","memory-related","legacy/risk","read/metadata","risk","needs cross-ref"
"_archive/proof_packs_2026-03-26/MEMORY_SEALING_STM_MTM_LTM_2026-03-20_2214_ce2cbecac/04_MEMORY_PERSISTENCE_CHAIN.md","cross-ring","memory-related","legacy/risk","read/write candidate","risk","needs cross-ref"
"_archive/proof_packs_2026-03-26/MEMORY_SEALING_STM_MTM_LTM_2026-03-20_2214_ce2cbecac/05_MEMORY_CONSUMPTION_PROOF_MAP.md","cross-ring","memory-related","legacy/risk","read/metadata","risk","needs cross-ref"
"_archive/proof_packs_2026-03-26/MEMORY_SEALING_STM_MTM_LTM_2026-03-20_2214_ce2cbecac/06_MEMORY_RISK_MATRIX.md","cross-ring","memory-related","legacy/risk","read/metadata","risk","needs cross-ref"
"_archive/proof_packs_2026-03-26/MEMORY_SEALING_STM_MTM_LTM_2026-03-20_2214_ce2cbecac/07_TEST_PLAN.md","cross-ring","memory-related","legacy/risk","read/metadata","risk","is-test"
"_archive/proof_packs_2026-03-26/MEMORY_SEALING_STM_MTM_LTM_2026-03-20_2214_ce2cbecac/08_GATES_REPORT.md","cross-ring","memory-related","legacy/risk","read/metadata","risk","needs cross-ref"
"_archive/proof_packs_2026-03-26/MEMORY_SEALING_STM_MTM_LTM_2026-03-20_2214_ce2cbecac/09_DIFF_FILES.md","cross-ring","memory-related","legacy/risk","read/metadata","risk","needs cross-ref"
"_archive/proof_packs_2026-03-26/MEMORY_SEALING_STM_MTM_LTM_2026-03-20_2214_ce2cbecac/10_ROLLBACK.md","cross-ring","memory-related","legacy/risk","read/metadata","risk","needs cross-ref"
"_archive/proof_packs_2026-03-26/MEMORY_SEALING_STM_MTM_LTM_2026-03-20_2214_ce2cbecac/11_VERDICT.md","cross-ring","memory-related","legacy/risk","read/metadata","risk","needs cross-ref"
"_archive/proof_packs_2026-03-26/POST_SEAL_CORRECTION_2026-03-21_1228_9b50cc67e/MEMORY_CONSUMPTION_TRUTH.md","cross-ring","memory-related","legacy/risk","read/metadata","risk","needs cross-ref"
"_archive/proof_packs_pre_v30/MEMORY_INJECTION_CLOSURE_2026-03-20_2229_69c1c948f/00_EXEC_SUMMARY.md","cross-ring","memory-related","legacy/risk","read/metadata","risk","needs cross-ref"
"_archive/proof_packs_pre_v30/MEMORY_INJECTION_CLOSURE_2026-03-20_2229_69c1c948f/01_POSTFIX_SCOPE.md","cross-ring","memory-related","legacy/risk","read/metadata","risk","needs cross-ref"
"_archive/proof_packs_pre_v30/MEMORY_INJECTION_CLOSURE_2026-03-20_2229_69c1c948f/02_MEMORY_INJECTION_CHAIN.md","cross-ring","memory-related","legacy/risk","read/metadata","risk","needs cross-ref"
"_archive/proof_packs_pre_v30/MEMORY_INJECTION_CLOSURE_2026-03-20_2229_69c1c948f/03_LTM_FULL_CONTENT_RECALL_MAP.md","cross-ring","memory-related","legacy/risk","read/metadata","risk","needs cross-ref"
"_archive/proof_packs_pre_v30/MEMORY_INJECTION_CLOSURE_2026-03-20_2229_69c1c948f/04_MEMORY_CONTEXT_COMPILER_MAP.md","cross-ring","memory-related","legacy/risk","read/metadata","risk","needs cross-ref"
"_archive/proof_packs_pre_v30/MEMORY_INJECTION_CLOSURE_2026-03-20_2229_69c1c948f/05_MEMORY_CONSUMPTION_PROOF_CHAIN.md","cross-ring","memory-related","legacy/risk","read/metadata","risk","needs cross-ref"
"_archive/proof_packs_pre_v30/MEMORY_INJECTION_CLOSURE_2026-03-20_2229_69c1c948f/06_GATES_REPORT.md","cross-ring","memory-related","legacy/risk","read/metadata","risk","needs cross-ref"
"_archive/proof_packs_pre_v30/MEMORY_INJECTION_CLOSURE_2026-03-20_2229_69c1c948f/07_DIFF_FILES.md","cross-ring","memory-related","legacy/risk","read/metadata","risk","needs cross-ref"
"_archive/proof_packs_pre_v30/MEMORY_INJECTION_CLOSURE_2026-03-20_2229_69c1c948f/08_ROLLBACK.md","cross-ring","memory-related","legacy/risk","read/metadata","risk","needs cross-ref"
"_archive/proof_packs_pre_v30/MEMORY_INJECTION_CLOSURE_2026-03-20_2229_69c1c948f/09_VERDICT.md","cross-ring","memory-related","legacy/risk","read/metadata","risk","needs cross-ref"
"_archive/proof_packs_pre_v30/MEMORY_PAGE_RUNTIME_HEAL_2026-03-18_0021_0ea87b257/00_EXEC_SUMMARY.md","cross-ring","memory-related","legacy/risk","read/metadata","risk","needs cross-ref"
"_archive/proof_packs_pre_v30/MEMORY_PAGE_RUNTIME_HEAL_2026-03-18_0021_0ea87b257/01_BOOTSTRAP.md","cross-ring","memory-related","legacy/risk","read/metadata","risk","needs cross-ref"
"_archive/proof_packs_pre_v30/MEMORY_PAGE_RUNTIME_HEAL_2026-03-18_0021_0ea87b257/03_MEMORY_SURFACE_MAP.md","cross-ring","memory-related","legacy/risk","read/metadata","risk","needs cross-ref"
"_archive/proof_packs_pre_v30/MEMORY_PAGE_RUNTIME_HEAL_2026-03-18_0021_0ea87b257/04_MEMORY_CHAIN_MATRIX.md","cross-ring","memory-related","legacy/risk","read/metadata","risk","needs cross-ref"
"_archive/proof_packs_pre_v30/MEMORY_PAGE_RUNTIME_HEAL_2026-03-18_0021_0ea87b257/05_MEMORY_COMMAND_TRUTH.md","cross-ring","memory-related","legacy/risk","read/metadata","risk","needs cross-ref"
"_archive/proof_packs_pre_v30/MEMORY_PAGE_RUNTIME_HEAL_2026-03-18_0021_0ea87b257/06_CONTRACT_VALIDATION.md","cross-ring","memory-related","legacy/risk","read/metadata","risk","needs cross-ref"
"_archive/proof_packs_pre_v30/MEMORY_PAGE_RUNTIME_HEAL_2026-03-18_0021_0ea87b257/07_RUNTIME_ERROR_CAPTURE.md","cross-ring","memory-related","legacy/risk","read/metadata","risk","needs cross-ref"
"_archive/proof_packs_pre_v30/MEMORY_PAGE_RUNTIME_HEAL_2026-03-18_0021_0ea87b257/08_GATES_REPORT.md","cross-ring","memory-related","legacy/risk","read/metadata","risk","needs cross-ref"
"_archive/proof_packs_pre_v30/MEMORY_PAGE_RUNTIME_HEAL_2026-03-18_0021_0ea87b257/09_DIFF_FILES.md","cross-ring","memory-related","legacy/risk","read/metadata","risk","needs cross-ref"
"_archive/proof_packs_pre_v30/MEMORY_PAGE_RUNTIME_HEAL_2026-03-18_0021_0ea87b257/10_ROLLBACK.md","cross-ring","memory-related","legacy/risk","read/metadata","risk","needs cross-ref"
"_archive/proof_packs_pre_v30/MEMORY_PAGE_RUNTIME_HEAL_2026-03-18_0021_0ea87b257/11_VERDICT.md","cross-ring","memory-related","legacy/risk","read/metadata","risk","needs cross-ref"
"_archive/proof_packs_pre_v30/MEMORY_RESTORE_CLOSURE_2026-03-20_2247_61df44d0b/00_EXEC_SUMMARY.md","cross-ring","memory-related","legacy/risk","read/metadata","risk","needs cross-ref"
"_archive/proof_packs_pre_v30/MEMORY_RESTORE_CLOSURE_2026-03-20_2247_61df44d0b/01_POSTFIX_SCOPE.md","cross-ring","memory-related","legacy/risk","read/metadata","risk","needs cross-ref"
"_archive/proof_packs_pre_v30/MEMORY_RESTORE_CLOSURE_2026-03-20_2247_61df44d0b/02_BACKUP_COVERAGE_MAP.md","cross-ring","memory-related","legacy/risk","read/metadata","risk","needs cross-ref"
"_archive/proof_packs_pre_v30/MEMORY_RESTORE_CLOSURE_2026-03-20_2247_61df44d0b/03_MEMORY_RESTORE_CHAIN.md","cross-ring","memory-related","legacy/risk","read/metadata","risk","needs cross-ref"
"_archive/proof_packs_pre_v30/MEMORY_RESTORE_CLOSURE_2026-03-20_2247_61df44d0b/04_RUST_LTM_BACKUP_PATH_MAP.md","cross-ring","memory-related","legacy/risk","read/metadata","risk","needs cross-ref"
"_archive/proof_packs_pre_v30/MEMORY_RESTORE_CLOSURE_2026-03-20_2247_61df44d0b/05_CROSS_SESSION_RESTORE_PROOF_MAP.md","cross-ring","memory-related","legacy/risk","read/metadata","risk","needs cross-ref"
"_archive/proof_packs_pre_v30/MEMORY_RESTORE_CLOSURE_2026-03-20_2247_61df44d0b/06_GATES_REPORT.md","cross-ring","memory-related","legacy/risk","read/metadata","risk","needs cross-ref"
"_archive/proof_packs_pre_v30/MEMORY_RESTORE_CLOSURE_2026-03-20_2247_61df44d0b/07_DIFF_FILES.md","cross-ring","memory-related","legacy/risk","read/metadata","risk","needs cross-ref"
"_archive/proof_packs_pre_v30/MEMORY_RESTORE_CLOSURE_2026-03-20_2247_61df44d0b/08_ROLLBACK.md","cross-ring","memory-related","legacy/risk","read/metadata","risk","needs cross-ref"
"_archive/proof_packs_pre_v30/MEMORY_RESTORE_CLOSURE_2026-03-20_2247_61df44d0b/09_VERDICT.md","cross-ring","memory-related","legacy/risk","read/metadata","risk","needs cross-ref"
"_archive/proof_packs_pre_v30/MEMORY_SEALING_STM_MTM_LTM_2026-03-20_2214_ce2cbecac/00_EXEC_SUMMARY.md","cross-ring","memory-related","legacy/risk","read/metadata","risk","needs cross-ref"
"_archive/proof_packs_pre_v30/MEMORY_SEALING_STM_MTM_LTM_2026-03-20_2214_ce2cbecac/01_BOOTSTRAP.md","cross-ring","memory-related","legacy/risk","read/metadata","risk","needs cross-ref"
"_archive/proof_packs_pre_v30/MEMORY_SEALING_STM_MTM_LTM_2026-03-20_2214_ce2cbecac/02_MEMORY_AUTHORITY_MAP.md","cross-ring","memory-related","legacy/risk","read/metadata","risk","needs cross-ref"
"_archive/proof_packs_pre_v30/MEMORY_SEALING_STM_MTM_LTM_2026-03-20_2214_ce2cbecac/03_STM_MTM_LTM_FLOW_MAP.md","cross-ring","memory-related","legacy/risk","read/metadata","risk","needs cross-ref"
"_archive/proof_packs_pre_v30/MEMORY_SEALING_STM_MTM_LTM_2026-03-20_2214_ce2cbecac/04_MEMORY_PERSISTENCE_CHAIN.md","cross-ring","memory-related","legacy/risk","read/write candidate","risk","needs cross-ref"
"_archive/proof_packs_pre_v30/MEMORY_SEALING_STM_MTM_LTM_2026-03-20_2214_ce2cbecac/05_MEMORY_CONSUMPTION_PROOF_MAP.md","cross-ring","memory-related","legacy/risk","read/metadata","risk","needs cross-ref"
"_archive/proof_packs_pre_v30/MEMORY_SEALING_STM_MTM_LTM_2026-03-20_2214_ce2cbecac/06_MEMORY_RISK_MATRIX.md","cross-ring","memory-related","legacy/risk","read/metadata","risk","needs cross-ref"
"_archive/proof_packs_pre_v30/MEMORY_SEALING_STM_MTM_LTM_2026-03-20_2214_ce2cbecac/07_TEST_PLAN.md","cross-ring","memory-related","legacy/risk","read/metadata","risk","is-test"
"_archive/proof_packs_pre_v30/MEMORY_SEALING_STM_MTM_LTM_2026-03-20_2214_ce2cbecac/08_GATES_REPORT.md","cross-ring","memory-related","legacy/risk","read/metadata","risk","needs cross-ref"
"_archive/proof_packs_pre_v30/MEMORY_SEALING_STM_MTM_LTM_2026-03-20_2214_ce2cbecac/09_DIFF_FILES.md","cross-ring","memory-related","legacy/risk","read/metadata","risk","needs cross-ref"
"_archive/proof_packs_pre_v30/MEMORY_SEALING_STM_MTM_LTM_2026-03-20_2214_ce2cbecac/10_ROLLBACK.md","cross-ring","memory-related","legacy/risk","read/metadata","risk","needs cross-ref"
"_archive/proof_packs_pre_v30/MEMORY_SEALING_STM_MTM_LTM_2026-03-20_2214_ce2cbecac/11_VERDICT.md","cross-ring","memory-related","legacy/risk","read/metadata","risk","needs cross-ref"
"_archive/proof_packs_pre_v30/POST_SEAL_CORRECTION_2026-03-21_1228_9b50cc67e/MEMORY_CONSUMPTION_TRUTH.md","cross-ring","memory-related","legacy/risk","read/metadata","risk","needs cross-ref"
"_archive/root_reports_2026-03-26/MEMORY_TRUTH_MAP.md","cross-ring","memory-related","legacy/risk","read/metadata","risk","needs cross-ref"
"artifacts/ui-visual/screenshots/v78/production/memory-viewport.png","cross-ring","memory-related","unknown","read/metadata","no/unknown","needs cross-ref"
"artifacts/ui-visual/screenshots/v78/production/memory.png","cross-ring","memory-related","unknown","read/metadata","no/unknown","needs cross-ref"
"artifacts/ui-visual/screenshots/v79/production/memory-viewport.png","cross-ring","memory-related","unknown","read/metadata","no/unknown","needs cross-ref"
"artifacts/ui-visual/screenshots/v79/production/memory.png","cross-ring","memory-related","unknown","read/metadata","no/unknown","needs cross-ref"
"data/knowledge_base/default/identity_profile.json","data/runtime","default knowledge/profile","runtime-data","read/metadata","yes/candidate","needs cross-ref"
"data/knowledge_base/default/kevin_owner_profile_v30.json","data/runtime","default knowledge/profile","runtime-data","read/metadata","yes/candidate","needs cross-ref"
"data/knowledge_base/default/memory_os_detail.json","data/runtime","backend memory engine","runtime-data","read/metadata","yes/candidate","needs cross-ref"
"data/knowledge_base/default/memory_system_deep.json","data/runtime","default knowledge/profile","runtime-data","read/metadata","yes/candidate","needs cross-ref"
"docs/01_misc/MEMORY_COMMANDS_AUDIT_v26.3.5.md","governance/test","memory documentation","governance-doc","read/write candidate","no/unknown","needs cross-ref"
"docs/01_misc/MEMORY_COMMANDS_FIX_SUMMARY.md","governance/test","memory documentation","governance-doc","read/write candidate","no/unknown","needs cross-ref"
"docs/04_guides/features/MEMORY_OS.md","governance/test","backend memory engine","governance-doc","read/metadata","no/unknown","needs cross-ref"
"docs/05_modules/backend/UNIFIED_MEMORY.md","governance/test","memory documentation","governance-doc","read/metadata","no/unknown","needs cross-ref"
"docs/05_modules/frontend/UNIFIED_MEMORY_FRONTEND.md","governance/test","memory documentation","governance-doc","read/metadata","no/unknown","needs cross-ref"
"docs/99_ARCHIVE/archive_legacy/root/MEMORY_COMMANDS_AUDIT_v26.3.5.md","governance/test","memory documentation","legacy/risk","read/write candidate","risk","needs cross-ref"
"docs/99_ARCHIVE/archive_legacy/root/MEMORY_COMMANDS_FIX_SUMMARY.md","governance/test","memory documentation","legacy/risk","read/write candidate","risk","needs cross-ref"
"docs/99_ARCHIVE/archive_legacy/sessions/UNIFIED_MEMORY_GUIDE.md","governance/test","memory documentation","legacy/risk","read/metadata","risk","needs cross-ref"
"docs/99_ARCHIVE/archive_legacy/v24/DEEP_ANALYSIS_MEMORY_LEAKS_v24.3.4.md","governance/test","memory documentation","legacy/risk","read/metadata","risk","needs cross-ref"
"docs/99_ARCHIVE/complete-reports/MEMORY_MIGRATION_GUIDE.md","governance/test","memory documentation","legacy/risk","read/metadata","risk","needs cross-ref"
"docs/99_ARCHIVE/complete-reports/MEMORY_MIGRATION_v24.2_PHASE2.md","governance/test","memory documentation","legacy/risk","read/metadata","risk","needs cross-ref"
"docs/99_ARCHIVE/complete-reports/MEMORY_PHASE2_COMPLETE.md","governance/test","memory documentation","legacy/risk","read/metadata","risk","needs cross-ref"
"docs/99_ARCHIVE/complete-reports/MEMORY_PHASE2_PROGRESS_REPORT.md","governance/test","memory documentation","legacy/risk","read/metadata","risk","needs cross-ref"
"docs/99_ARCHIVE/implementations/MEMORY_INTEGRATION_R04_COMPLETE.md","governance/test","memory documentation","legacy/risk","read/metadata","risk","needs cross-ref"
"docs/99_ARCHIVE/legacy_reports/MEMORY_PERSISTENCE_FIX_v19.5.2.txt","governance/test","memory documentation","legacy/risk","read/write candidate","risk","needs cross-ref"
"docs/99_ARCHIVE/obsolete/MEMORYCORE_COMPLETE.md","governance/test","memory documentation","legacy/risk","read/metadata","risk","needs cross-ref"
"docs/99_ARCHIVE/obsolete/MEMORYCORE_GENERATION_REPORT.md","governance/test","memory documentation","legacy/risk","read/metadata","risk","needs cross-ref"
"docs/99_ARCHIVE/obsolete/MEMORYCORE_STATUS.md","governance/test","memory documentation","legacy/risk","read/metadata","risk","needs cross-ref"
"docs/99_ARCHIVE/obsolete/MEMORYCORE_USAGE.md","governance/test","memory documentation","legacy/risk","read/metadata","risk","needs cross-ref"
"docs/99_ARCHIVE/obsolete/MEMORYCORE_V2_COMPLETE.md","governance/test","memory documentation","legacy/risk","read/metadata","risk","needs cross-ref"
"docs/99_ARCHIVE/obsolete/repo_cleanup_2026-05-03/docs_backup_20251218_122526/DEEP_ANALYSIS_MEMORY_LEAKS_v24.3.4.md","governance/test","memory documentation","legacy/risk","read/metadata","risk","needs cross-ref"
"docs/99_ARCHIVE/obsolete/repo_cleanup_2026-05-03/docs_backup_20251218_122526/PHASE_2_VISION_MEMORY_COMPLETE.md","governance/test","memory documentation","legacy/risk","read/metadata","risk","needs cross-ref"
"docs/99_ARCHIVE/obsolete/repo_cleanup_2026-05-03/docs_backup_20251218_122526/UNIFIED_MEMORY_GUIDE.md","governance/test","memory documentation","legacy/risk","read/metadata","risk","needs cross-ref"
"docs/99_ARCHIVE/obsolete/repo_cleanup_2026-05-03/docs_backup_20251218_122540/DEEP_ANALYSIS_MEMORY_LEAKS_v24.3.4.md","governance/test","memory documentation","legacy/risk","read/metadata","risk","needs cross-ref"
"docs/99_ARCHIVE/obsolete/repo_cleanup_2026-05-03/docs_backup_20251218_122540/PHASE_2_VISION_MEMORY_COMPLETE.md","governance/test","memory documentation","legacy/risk","read/metadata","risk","needs cross-ref"
"docs/99_ARCHIVE/obsolete/repo_cleanup_2026-05-03/docs_backup_20251218_122540/UNIFIED_MEMORY_GUIDE.md","governance/test","memory documentation","legacy/risk","read/metadata","risk","needs cross-ref"
"docs/99_ARCHIVE/obsolete/repo_cleanup_2026-05-03/docs_backup_20251218_123316/DEEP_ANALYSIS_MEMORY_LEAKS_v24.3.4.md","governance/test","memory documentation","legacy/risk","read/metadata","risk","needs cross-ref"
"docs/99_ARCHIVE/obsolete/repo_cleanup_2026-05-03/docs_backup_20251218_123316/PHASE_2_VISION_MEMORY_COMPLETE.md","governance/test","memory documentation","legacy/risk","read/metadata","risk","needs cross-ref"
"docs/99_ARCHIVE/obsolete/repo_cleanup_2026-05-03/docs_backup_20251218_123316/UNIFIED_MEMORY_GUIDE.md","governance/test","memory documentation","legacy/risk","read/metadata","risk","needs cross-ref"
"docs/99_ARCHIVE/old_sessions/2025-12-10/PHASE_4.4_MEMORY_LEAK_DETECTION_REPORT.md","governance/test","memory documentation","legacy/risk","read/metadata","risk","needs cross-ref"
"docs/99_ARCHIVE/sessions/MEMORY_CORE_STABILIZATION_PLAN_vOmega6.md","governance/test","memory documentation","legacy/risk","read/metadata","risk","needs cross-ref"
"docs/99_ARCHIVE/sessions/MEMORY_MULTILAYER_ARCHITECTURE.md","governance/test","memory documentation","legacy/risk","read/metadata","risk","needs cross-ref"
"docs/99_ARCHIVE/sessions/MULTILAYER_MEMORY_QUICKSTART.md","governance/test","memory documentation","legacy/risk","read/metadata","risk","needs cross-ref"
"docs/99_ARCHIVE/sessions/SUPER_PROMPT_MEMORY_SINGULARITY_MEMORY_OS.md","governance/test","backend memory engine","legacy/risk","read/metadata","risk","needs cross-ref"
"docs/99_ARCHIVE/sessions/TITANE_UNIFIED_MEMORY_OS_V2_REPORT.md","governance/test","backend memory engine","legacy/risk","read/metadata","risk","needs cross-ref"
"docs/99_ARCHIVE/versions/v19/MEMORY_PROFILING_REPORT_v19.5.1.md","governance/test","memory documentation","legacy/risk","read/metadata","risk","needs cross-ref"
"docs/99_ARCHIVE/versions/v24/CHAT_MEMORY_AUDIO_AUDIT_v24.1.md","governance/test","memory documentation","legacy/risk","read/metadata","risk","needs cross-ref"
"docs/AUDIT_MEMORY_FIX_2026-03-26.md","governance/test","memory documentation","governance-doc","read/metadata","no/unknown","needs cross-ref"
"docs/MEMORY_CONSUMPTION_MAP.md","governance/test","memory documentation","governance-doc","read/metadata","no/unknown","needs cross-ref"
"docs/MEMORY_QA_CHECKLIST.md","governance/test","memory documentation","governance-doc","read/metadata","no/unknown","needs cross-ref"
"docs/MEMORY_SYSTEM.md","governance/test","memory documentation","governance-doc","read/metadata","no/unknown","needs cross-ref"
"docs/MIGRATION_GUIDE_MEMORY_v2.md","governance/test","memory documentation","governance-doc","read/metadata","no/unknown","needs cross-ref"
"docs/TITANE_OS/TITANE_UNIFIED_MEMORY_OS.md","governance/test","backend memory engine","governance-doc","read/metadata","no/unknown","needs cross-ref"
"docs/api/functions/hooks.useChatMemory.html","governance/test","memory documentation","governance-doc","read/metadata","no/unknown","needs cross-ref"
"docs/api/functions/hooks.useMemoryCore.html","governance/test","memory documentation","governance-doc","read/metadata","no/unknown","needs cross-ref"
"docs/api/functions/hooks.useMemoryEngine.html","governance/test","memory documentation","governance-doc","read/metadata","no/unknown","needs cross-ref"
"docs/api/functions/stores.selectMemoryStats.html","governance/test","memory documentation","governance-doc","read/metadata","no/unknown","needs cross-ref"
"docs/api/functions/stores.useHasMemoryError.html","governance/test","memory documentation","governance-doc","read/metadata","no/unknown","needs cross-ref"
"docs/api/functions/stores.useIsMemoryLoaded.html","governance/test","memory documentation","governance-doc","read/metadata","no/unknown","needs cross-ref"
"docs/api/functions/stores.useMemoryActions.html","governance/test","memory documentation","governance-doc","read/metadata","no/unknown","needs cross-ref"
"docs/api/functions/stores.useMemoryError.html","governance/test","memory documentation","governance-doc","read/metadata","no/unknown","needs cross-ref"
"docs/api/functions/stores.useMemoryLoading.html","governance/test","memory documentation","governance-doc","read/metadata","no/unknown","needs cross-ref"
"docs/api/functions/stores.useMemoryLoadingState.html","governance/test","memory documentation","governance-doc","read/metadata","no/unknown","needs cross-ref"
"docs/api/functions/stores.useMemoryState.html","governance/test","memory documentation","governance-doc","read/metadata","no/unknown","needs cross-ref"
"docs/api/interfaces/hooks.IdentityMemoryRoot.html","governance/test","memory documentation","governance-doc","read/metadata","no/unknown","needs cross-ref"
"docs/api/interfaces/hooks.MemoryEntry.html","governance/test","memory documentation","governance-doc","read/metadata","no/unknown","needs cross-ref"
"docs/api/interfaces/hooks.MemoryHealth.html","governance/test","memory documentation","governance-doc","read/metadata","no/unknown","needs cross-ref"
"docs/api/interfaces/hooks.MemorySearchResult.html","governance/test","memory documentation","governance-doc","read/metadata","no/unknown","needs cross-ref"
"docs/api/interfaces/hooks.MemoryStats.html","governance/test","memory documentation","governance-doc","read/metadata","no/unknown","needs cross-ref"
"docs/api/interfaces/hooks.UseChatMemoryOptions.html","governance/test","memory documentation","governance-doc","read/metadata","no/unknown","needs cross-ref"
"docs/api/interfaces/hooks.UseChatMemoryReturn.html","governance/test","memory documentation","governance-doc","read/metadata","no/unknown","needs cross-ref"
"docs/api/interfaces/hooks.UseMemoryEngineReturn.html","governance/test","memory documentation","governance-doc","read/metadata","no/unknown","needs cross-ref"
"docs/api/interfaces/types.MemoryCollection.html","governance/test","memory documentation","governance-doc","read/metadata","no/unknown","needs cross-ref"
"docs/api/interfaces/types.MemoryEntry.html","governance/test","memory documentation","governance-doc","read/metadata","no/unknown","needs cross-ref"
"docs/api/interfaces/types.MemoryNode.html","governance/test","memory documentation","governance-doc","read/metadata","no/unknown","needs cross-ref"
"docs/api/interfaces/types.MemoryState.html","governance/test","memory documentation","governance-doc","read/metadata","no/unknown","needs cross-ref"
"docs/api/types/hooks.MemoryType.html","governance/test","memory documentation","governance-doc","read/metadata","no/unknown","needs cross-ref"
"docs/api/variables/stores.useMemoryEngineStore.html","governance/test","memory documentation","governance-doc","read/metadata","no/unknown","needs cross-ref"
"docs/api/variables/stores.useMemoryStore.html","governance/test","memory documentation","governance-doc","read/metadata","no/unknown","needs cross-ref"
"docs/architecture/MEMORY_AUTHORITY_MAP.md","governance/test","memory documentation","governance-doc","read/metadata","no/unknown","needs cross-ref"
"docs/canon/MEMORY_EVOLUTION_CANON.md","governance/test","memory documentation","governance-doc","read/metadata","no/unknown","needs cross-ref"
"docs/canon/MEMORY_GOVERNANCE_LEDGER.md","governance/test","memory documentation","governance-doc","read/metadata","no/unknown","needs cross-ref"
"docs/canon/MEMORY_GOVERNANCE_VALIDATION.md","governance/test","memory documentation","governance-doc","read/metadata","no/unknown","needs cross-ref"
"docs/canon/MEMORY_TRIAGE_INDEX.md","governance/test","memory documentation","governance-doc","read/metadata","no/unknown","needs cross-ref"
"docs/capabilities/memory-core-encryption.md","governance/test","memory documentation","governance-doc","read/metadata","no/unknown","needs cross-ref"
"docs/cognitive/MEMORY_RETRIEVAL_MATRIX.md","governance/test","memory documentation","governance-doc","read/metadata","no/unknown","needs cross-ref"
"docs/current/phases/completed/PHASE_2_VISION_MEMORY_COMPLETE.md","governance/test","memory documentation","governance-doc","read/metadata","no/unknown","needs cross-ref"
"docs/examples/memory.example.json","governance/test","memory documentation","governance-doc","read/metadata","no/unknown","needs cross-ref"
"docs/governance/MEMORY_SEAL_SPEC.md","governance/test","memory documentation","governance-doc","read/metadata","no/unknown","needs cross-ref"
"docs/memory-migration-report.txt","governance/test","memory documentation","governance-doc","read/metadata","no/unknown","needs cross-ref"
"docs/memory/MEMORYGRAPH_V2_SHADOW_PLAN.md","governance/test","memory documentation","governance-doc","read/metadata","no/unknown","needs cross-ref"
"docs/super-prompts/cognitive/SUPER_PROMPT_05_MEMORY_REFINEMENT.md","governance/test","memory documentation","governance-doc","read/metadata","no/unknown","needs cross-ref"
"docs/ui/desktop/UI_DESKTOP_MEMORY_E2E_INIT_REPAIR_CERTIFICATION_v55.md","governance/test","memory documentation","governance-doc","read/metadata","no/unknown","needs cross-ref"
"docs/ui/desktop/runtime/UI_DESKTOP_MEMORY_FINAL_RESULT_v56.md","governance/test","memory documentation","governance-doc","read/metadata","no/unknown","needs cross-ref"
"docs/ui/visual/UI_MEMORY_ERRORBOUNDARY_REPAIR_v80.md","governance/test","memory documentation","governance-doc","read/metadata","no/unknown","needs cross-ref"
"docs/user/features/memory.md","governance/test","memory documentation","governance-doc","read/metadata","no/unknown","needs cross-ref"
"docs/user/tutorials/using-memory.md","governance/test","memory documentation","governance-doc","read/metadata","no/unknown","needs cross-ref"
"e2e/agents/memory-namespace-agent-proof.e2e.ts","governance/test","memory test","test","read/metadata","no/unknown","is-test"
"e2e/critical/chat-memory-knowledge-compliance.spec.ts","governance/test","memory test","test","read/metadata","no/unknown","is-test"
"e2e/critical/memory-injection.spec.ts","governance/test","memory test","test","read/metadata","no/unknown","is-test"
"e2e/desktop/chat-knowledge-competence-memory.wdio.test.js","governance/test","memory test","test","read/metadata","no/unknown","is-test"
"e2e/desktop/hybrid-memory-governed-export.wdio.test.js","governance/test","memory test","test","read/metadata","no/unknown","is-test"
"e2e/desktop/memory-conversations.wdio.test.js","governance/test","memory test","test","read/metadata","no/unknown","is-test"
"e2e/desktop/memory-dashboard-runtime-proof.wdio.test.js","governance/test","memory test","test","read/metadata","no/unknown","is-test"
"e2e/desktop/memory-namespace-isolation.wdio.test.js","governance/test","memory test","test","read/metadata","no/unknown","is-test"
"e2e/desktop/memory-page-complete.wdio.test.js","governance/test","memory test","test","read/metadata","no/unknown","is-test"
"e2e/desktop/memory-subtabs.wdio.test.js","governance/test","memory test","test","read/metadata","no/unknown","is-test"
"e2e/features/memory-tree-viewer.spec.ts","governance/test","memory test","test","read/metadata","no/unknown","is-test"
"evals/scorecards/v1/MEMORY_RETRIEVAL_QUALITY_SCORECARD.json","cross-ring","memory-related","unknown","read/metadata","no/unknown","needs cross-ref"
"evals/scorecards/v1/MEMORY_TRUTH_SCORECARD.json","cross-ring","memory-related","unknown","read/metadata","no/unknown","needs cross-ref"
"memory/cognitive.json","data/runtime","runtime memory json","runtime-data","read/write candidate","yes/candidate","needs cross-ref"
"memory/harmonics.json","data/runtime","runtime memory json","runtime-data","read/write candidate","yes/candidate","needs cross-ref"
"memory/ltm.json","data/runtime","runtime memory json","runtime-data","read/write candidate","yes/candidate","needs cross-ref"
"memory/memory-index.json","data/runtime","runtime memory json","runtime-data","read/write candidate","yes/candidate","needs cross-ref"
"memory/memory_core_state.json","data/runtime","runtime memory json","runtime-data","read/write candidate","yes/candidate","needs cross-ref"
"memory/mtm.json","data/runtime","runtime memory json","runtime-data","read/write candidate","yes/candidate","needs cross-ref"
"memory/optimization-report.json","data/runtime","runtime memory json","runtime-data","read/write candidate","yes/candidate","needs cross-ref"
"memory/singularity.json","data/runtime","runtime memory json","runtime-data","read/write candidate","yes/candidate","needs cross-ref"
"memory/stm.json","data/runtime","runtime memory json","runtime-data","read/write candidate","yes/candidate","needs cross-ref"
"memory/system_state.json","data/runtime","runtime memory json","runtime-data","read/write candidate","yes/candidate","needs cross-ref"
"proof_packs/_archive/pre-v34.0.7/MEMORY_TELEMETRY_ENV_LOCK_POISON_2026-04-18/GATE_REPORT.md","cross-ring","memory-related","legacy/risk","read/metadata","risk","needs cross-ref"
"proof_packs/_archive/pre-v34.0.7/MEMORY_TELEMETRY_ENV_LOCK_POISON_2026-04-18/ROLLBACK.md","cross-ring","memory-related","legacy/risk","read/metadata","risk","needs cross-ref"
"proof_packs/_archive/pre-v34.0.7/MEMORY_TELEMETRY_ENV_LOCK_POISON_2026-04-18/VERDICT.md","cross-ring","memory-related","legacy/risk","read/metadata","risk","needs cross-ref"
"reports/MEMORY_TELEMETRY_ENV_LOCK_POISON_2026-04-18.md","cross-ring","memory-related","unknown","read/metadata","no/unknown","needs cross-ref"
"reports/memorygraph_shadow_comparison.md","cross-ring","memory-related","unknown","read/metadata","no/unknown","needs cross-ref"
"scripts/checks/gate_memory_isolation.sh","governance/test","memory validator/gate","unknown","read/metadata","no/unknown","needs cross-ref"
"scripts/e2e/run-memory-chat-proof-ui.sh","governance/test","memory validator/gate","unknown","read/metadata","no/unknown","needs cross-ref"
"scripts/memory_profiling.sh","governance/test","memory validator/gate","unknown","read/metadata","no/unknown","needs cross-ref"
"scripts/validators/run_all_chat_memory_validators.sh","governance/test","memory validator/gate","unknown","read/metadata","no/unknown","needs cross-ref"
"scripts/validators/validate_chat_commands.sh","governance/test","memory validator/gate","unknown","read/write candidate","no/unknown","needs cross-ref"
"scripts/validators/validate_memory_persistence.sh","governance/test","memory validator/gate","unknown","read/write candidate","no/unknown","needs cross-ref"
"scripts/verify/verify_memory_integrity.sh","governance/test","memory validator/gate","unknown","read/metadata","no/unknown","needs cross-ref"
"scripts/verify_memory_integrity.sh","governance/test","memory validator/gate","unknown","read/metadata","no/unknown","needs cross-ref"
"src-tauri/data/memory/ltm/ltm_index.json","Ring 0-2 backend","memory-related","unknown","read/metadata","no/unknown","needs cross-ref"
"src-tauri/src/api/memory_api.rs","Ring 0-2 backend","memory-related","unknown","read/metadata","no/unknown","needs cross-ref"
"src-tauri/src/chat_engine/memory.rs","Ring 0-2 backend","memory-related","unknown","read/metadata","no/unknown","needs cross-ref"
"src-tauri/src/cognitive_learning/memory_builder.rs","Ring 0-2 backend","memory-related","unknown","read/metadata","no/unknown","needs cross-ref"
"src-tauri/src/commands/memory_commands.rs","Ring 0-2 backend","memory-related","unknown","read/write candidate","no/unknown","needs cross-ref"
"src-tauri/src/commands/memory_compactor_commands.rs","Ring 0-2 backend","memory-related","unknown","read/write candidate","no/unknown","needs cross-ref"
"src-tauri/src/commands/memory_kv_commands.rs","Ring 0-2 backend","memory-related","unknown","read/write candidate","no/unknown","needs cross-ref"
"src-tauri/src/commands/memory_os.rs","Ring 0-2 backend","backend memory engine","unknown","read/write candidate","no/unknown","needs cross-ref"
"src-tauri/src/commands/memory_os_commands.rs","Ring 0-2 backend","backend memory engine","unknown","read/write candidate","no/unknown","needs cross-ref"
"src-tauri/src/commands/memory_system_commands.rs","Ring 0-2 backend","memory-related","unknown","read/write candidate","no/unknown","needs cross-ref"
"src-tauri/src/conversation_engine/memory.rs","Ring 0-2 backend","memory-related","unknown","read/metadata","no/unknown","needs cross-ref"
"src-tauri/src/conversation_os/memory_context.rs","Ring 0-2 backend","memory-related","unknown","read/metadata","no/unknown","needs cross-ref"
"src-tauri/src/core/modules/memory.rs","Ring 0-2 backend","memory-related","unknown","read/metadata","no/unknown","needs cross-ref"
"src-tauri/src/cycle_engine/memory_integration.rs","Ring 0-2 backend","memory-related","unknown","read/metadata","no/unknown","needs cross-ref"
"src-tauri/src/devtools/memory_inspector.rs","Ring 0-2 backend","memory-related","unknown","read/metadata","no/unknown","needs cross-ref"
"src-tauri/src/digital_twin_v14_1/memory_bridge.rs","Ring 0-2 backend","memory-related","unknown","read/metadata","no/unknown","needs cross-ref"
"src-tauri/src/engines/conversation_os/memory.rs","Ring 0-2 backend","memory-related","unknown","read/metadata","no/unknown","needs cross-ref"
"src-tauri/src/engines/unified_memory/api.rs","Ring 0-2 backend","memory-related","unknown","read/metadata","no/unknown","needs cross-ref"
"src-tauri/src/engines/unified_memory/embeddings.rs","Ring 0-2 backend","memory-related","unknown","read/metadata","no/unknown","needs cross-ref"
"src-tauri/src/engines/unified_memory/ltm.rs","Ring 0-2 backend","memory-related","unknown","read/metadata","no/unknown","needs cross-ref"
"src-tauri/src/engines/unified_memory/mod.rs","Ring 0-2 backend","memory-related","unknown","read/metadata","no/unknown","needs cross-ref"
"src-tauri/src/engines/unified_memory/models.rs","Ring 0-2 backend","memory-related","unknown","read/metadata","no/unknown","needs cross-ref"
"src-tauri/src/engines/unified_memory/mtm.rs","Ring 0-2 backend","memory-related","unknown","read/metadata","no/unknown","needs cross-ref"
"src-tauri/src/engines/unified_memory/stm.rs","Ring 0-2 backend","memory-related","unknown","read/metadata","no/unknown","needs cross-ref"
"src-tauri/src/engines/unified_memory/summarizer.rs","Ring 0-2 backend","memory-related","unknown","read/metadata","no/unknown","needs cross-ref"
"src-tauri/src/engines/unified_memory/vector_store.rs","Ring 0-2 backend","memory-related","unknown","read/metadata","no/unknown","needs cross-ref"
"src-tauri/src/healing/memory_validator.rs","Ring 0-2 backend","memory-related","unknown","read/metadata","no/unknown","needs cross-ref"
"src-tauri/src/kernel/integrations/memory_bridge.rs","Ring 0-2 backend","memory-related","unknown","read/metadata","no/unknown","needs cross-ref"
"src-tauri/src/memory/encryption.rs","Ring 0-2 backend","backend memory engine","canonical","read/metadata","yes/candidate","needs cross-ref"
"src-tauri/src/memory/mod.rs","Ring 0-2 backend","backend memory engine","canonical","read/metadata","yes/candidate","needs cross-ref"
"src-tauri/src/memory/model.rs","Ring 0-2 backend","backend memory engine","canonical","read/metadata","yes/candidate","needs cross-ref"
"src-tauri/src/memory/pool.rs","Ring 0-2 backend","backend memory engine","canonical","read/metadata","yes/candidate","needs cross-ref"
"src-tauri/src/memory/security.rs","Ring 0-2 backend","backend memory engine","canonical","read/metadata","yes/candidate","needs cross-ref"
"src-tauri/src/memory/storage.rs","Ring 0-2 backend","backend memory engine","canonical","read/write candidate","yes/candidate","needs cross-ref"
"src-tauri/src/memory/telemetry.rs","Ring 0-2 backend","backend memory engine","canonical","read/metadata","yes/candidate","needs cross-ref"
"src-tauri/src/memory/tests_storage.rs","Ring 0-2 backend","backend memory engine","canonical","read/write candidate","yes/candidate","is-test"
"src-tauri/src/memory_compactor.rs","Ring 0-2 backend","memory-related","unknown","read/write candidate","no/unknown","needs cross-ref"
"src-tauri/src/memory_evolution/commands.rs","Ring 0-2 backend","memory-related","unknown","read/write candidate","no/unknown","needs cross-ref"
"src-tauri/src/memory_evolution/memory_clusterer.rs","Ring 0-2 backend","memory-related","unknown","read/metadata","no/unknown","needs cross-ref"
"src-tauri/src/memory_evolution/memory_compressor.rs","Ring 0-2 backend","memory-related","unknown","read/metadata","no/unknown","needs cross-ref"
"src-tauri/src/memory_evolution/memory_growth.rs","Ring 0-2 backend","memory-related","unknown","read/metadata","no/unknown","needs cross-ref"
"src-tauri/src/memory_evolution/memory_parser.rs","Ring 0-2 backend","memory-related","unknown","read/metadata","no/unknown","needs cross-ref"
"src-tauri/src/memory_evolution/memory_patterns.rs","Ring 0-2 backend","memory-related","unknown","read/metadata","no/unknown","needs cross-ref"
"src-tauri/src/memory_evolution/memory_stability.rs","Ring 0-2 backend","memory-related","unknown","read/metadata","no/unknown","needs cross-ref"
"src-tauri/src/memory_evolution/memory_synthesizer.rs","Ring 0-2 backend","memory-related","unknown","read/metadata","no/unknown","needs cross-ref"
"src-tauri/src/memory_evolution/memory_vectorizer.rs","Ring 0-2 backend","memory-related","unknown","read/metadata","no/unknown","needs cross-ref"
"src-tauri/src/memory_evolution/mod.rs","Ring 0-2 backend","memory-related","unknown","read/metadata","no/unknown","needs cross-ref"
"src-tauri/src/memory_os/api.rs","Ring 0-2 backend","backend memory engine","canonical","read/metadata","yes/candidate","needs cross-ref"
"src-tauri/src/memory_os/clustering.rs","Ring 0-2 backend","backend memory engine","canonical","read/metadata","yes/candidate","needs cross-ref"
"src-tauri/src/memory_os/commands.rs","Ring 0-2 backend","backend memory engine","canonical","read/write candidate","yes/candidate","needs cross-ref"
"src-tauri/src/memory_os/config.rs","Ring 0-2 backend","backend memory engine","canonical","read/metadata","yes/candidate","needs cross-ref"
"src-tauri/src/memory_os/consolidator.rs","Ring 0-2 backend","backend memory engine","canonical","read/metadata","yes/candidate","needs cross-ref"
"src-tauri/src/memory_os/core.rs","Ring 0-2 backend","backend memory engine","canonical","read/metadata","yes/candidate","needs cross-ref"
"src-tauri/src/memory_os/embeddings.rs","Ring 0-2 backend","backend memory engine","canonical","read/metadata","yes/candidate","needs cross-ref"
"src-tauri/src/memory_os/forgetting.rs","Ring 0-2 backend","backend memory engine","canonical","read/metadata","yes/candidate","needs cross-ref"
"src-tauri/src/memory_os/indexer.rs","Ring 0-2 backend","backend memory engine","canonical","read/metadata","yes/candidate","needs cross-ref"
"src-tauri/src/memory_os/ltm.rs","Ring 0-2 backend","backend memory engine","canonical","read/metadata","yes/candidate","needs cross-ref"
"src-tauri/src/memory_os/memory_os_bridge.rs","Ring 0-2 backend","backend memory engine","canonical","read/metadata","yes/candidate","needs cross-ref"
"src-tauri/src/memory_os/memory_signals.rs","Ring 0-2 backend","backend memory engine","canonical","read/metadata","yes/candidate","needs cross-ref"
"src-tauri/src/memory_os/memory_state.rs","Ring 0-2 backend","backend memory engine","canonical","read/metadata","yes/candidate","needs cross-ref"
"src-tauri/src/memory_os/mod.rs","Ring 0-2 backend","backend memory engine","canonical","read/metadata","yes/candidate","needs cross-ref"
"src-tauri/src/memory_os/mtm.rs","Ring 0-2 backend","backend memory engine","canonical","read/metadata","yes/candidate","needs cross-ref"
"src-tauri/src/memory_os/multimodal_memory.rs","Ring 0-2 backend","backend memory engine","canonical","read/metadata","yes/candidate","needs cross-ref"
"src-tauri/src/memory_os/semantic_search.rs","Ring 0-2 backend","backend memory engine","canonical","read/metadata","yes/candidate","needs cross-ref"
"src-tauri/src/memory_os/similarity.rs","Ring 0-2 backend","backend memory engine","canonical","read/metadata","yes/candidate","needs cross-ref"
"src-tauri/src/memory_os/stm.rs","Ring 0-2 backend","backend memory engine","canonical","read/metadata","yes/candidate","needs cross-ref"
"src-tauri/src/memory_os/tests_memory_system.rs","Ring 0-2 backend","backend memory engine","canonical","read/metadata","yes/candidate","is-test"
"src-tauri/src/memory_os/types.rs","Ring 0-2 backend","backend memory engine","canonical","read/metadata","yes/candidate","needs cross-ref"
"src-tauri/src/memory_os/vector_hnsw.rs","Ring 0-2 backend","backend memory engine","canonical","read/metadata","yes/candidate","needs cross-ref"
"src-tauri/src/memory_os/vector_index.rs","Ring 0-2 backend","backend memory engine","canonical","read/metadata","yes/candidate","needs cross-ref"
"src-tauri/src/memory_os/vector_store.rs","Ring 0-2 backend","backend memory engine","canonical","read/metadata","yes/candidate","needs cross-ref"
"src-tauri/src/memory_persistence.rs","Ring 0-2 backend","memory-related","unknown","read/write candidate","no/unknown","needs cross-ref"
"src-tauri/src/neural_memory/compaction.rs","Ring 0-2 backend","backend memory engine","canonical","read/metadata","yes/candidate","needs cross-ref"
"src-tauri/src/neural_memory/consolidation.rs","Ring 0-2 backend","backend memory engine","canonical","read/metadata","yes/candidate","needs cross-ref"
"src-tauri/src/neural_memory/evolution.rs","Ring 0-2 backend","backend memory engine","canonical","read/metadata","yes/candidate","needs cross-ref"
"src-tauri/src/neural_memory/forgetting.rs","Ring 0-2 backend","backend memory engine","canonical","read/metadata","yes/candidate","needs cross-ref"
"src-tauri/src/neural_memory/ltm.rs","Ring 0-2 backend","backend memory engine","canonical","read/metadata","yes/candidate","needs cross-ref"
"src-tauri/src/neural_memory/mod.rs","Ring 0-2 backend","backend memory engine","canonical","read/metadata","yes/candidate","needs cross-ref"
"src-tauri/src/neural_memory/mtm.rs","Ring 0-2 backend","backend memory engine","canonical","read/metadata","yes/candidate","needs cross-ref"
"src-tauri/src/neural_memory/stm.rs","Ring 0-2 backend","backend memory engine","canonical","read/metadata","yes/candidate","needs cross-ref"
"src-tauri/src/neural_memory/tests.rs","Ring 0-2 backend","backend memory engine","canonical","read/metadata","yes/candidate","is-test"
"src-tauri/src/neural_memory/vector.rs","Ring 0-2 backend","backend memory engine","canonical","read/metadata","yes/candidate","needs cross-ref"
"src-tauri/src/omega/memory_bridge.rs","Ring 0-2 backend","memory-related","unknown","read/metadata","no/unknown","needs cross-ref"
"src-tauri/src/overdrive/memory_engine.rs","Ring 0-2 backend","memory-related","unknown","read/metadata","no/unknown","needs cross-ref"
"src-tauri/src/persistence/memory_doctor.rs","Ring 0-2 backend","memory-related","unknown","read/write candidate","no/unknown","needs cross-ref"
"src-tauri/src/persistence/memory_health.rs","Ring 0-2 backend","memory-related","unknown","read/write candidate","no/unknown","needs cross-ref"
"src-tauri/src/system/memory.rs","Ring 0-2 backend","memory-related","unknown","read/metadata","no/unknown","needs cross-ref"
"src-tauri/src/temporal_engine/integrations/memory_integration.rs","Ring 0-2 backend","memory-related","unknown","read/metadata","no/unknown","needs cross-ref"
"src-tauri/src/types/memory.rs","Ring 0-2 backend","memory-related","unknown","read/metadata","no/unknown","needs cross-ref"
"src-tauri/src/types/memory_chat.rs","Ring 0-2 backend","memory-related","unknown","read/metadata","no/unknown","needs cross-ref"
"src-tauri/src/unified_memory_v2/tests.rs","Ring 0-2 backend","backend memory engine","canonical","read/metadata","yes/candidate","is-test"
"src-tauri/src/unified_memory_v2/tests_simple.rs","Ring 0-2 backend","backend memory engine","canonical","read/metadata","yes/candidate","is-test"
"src-tauri/tests/twins_memory_bridge_test.rs","Ring 0-2 backend","memory-related","test","read/metadata","no/unknown","is-test"
"src-tauri/tests/unified_memory_tests.rs","Ring 0-2 backend","memory-related","test","read/metadata","no/unknown","is-test"
"src/__tests__/apps/devtools/sections/Memory.test.tsx","Ring 3-4 frontend","memory test","test","read/metadata","no/unknown","is-test"
"src/__tests__/apps/devtools/sections/__snapshots__/Memory.test.tsx.snap","Ring 3-4 frontend","memory test","test","read/metadata","no/unknown","is-test"
"src/__tests__/c4-memory.test.ts","Ring 3-4 frontend","memory test","test","read/metadata","no/unknown","is-test"
"src/__tests__/chat-memory-twins-omega-singularity.test.ts","Ring 3-4 frontend","memory test","test","read/metadata","no/unknown","is-test"
"src/__tests__/chatEngine-memory-integration.test.ts","Ring 3-4 frontend","memory test","test","read/metadata","no/unknown","is-test"
"src/__tests__/components/MemoryEvolutionCenter.test.tsx","Ring 3-4 frontend","memory test","test","read/metadata","no/unknown","is-test"
"src/__tests__/components/chat/MemoryDashboard.test.tsx","Ring 3-4 frontend","memory test","test","read/metadata","no/unknown","is-test"
"src/__tests__/components/devtools/MemoryTree.test.tsx","Ring 3-4 frontend","memory test","test","read/metadata","no/unknown","is-test"
"src/__tests__/components/sections/MemoryEvolutionSection.test.tsx","Ring 3-4 frontend","memory test","test","read/metadata","no/unknown","is-test"
"src/__tests__/components/sections/MemorySection.test.tsx","Ring 3-4 frontend","memory test","test","read/metadata","no/unknown","is-test"
"src/__tests__/e2e/ChatKnowledgeCompetenceMemory.e2e.test.tsx","Ring 3-4 frontend","memory test","test","read/metadata","no/unknown","is-test"
"src/__tests__/features/memory/MemoryCard.test.tsx","Ring 3-4 frontend","memory test","test","read/metadata","no/unknown","is-test"
"src/__tests__/features/memory/MemorySearch.test.tsx","Ring 3-4 frontend","memory test","test","read/metadata","no/unknown","is-test"
"src/__tests__/features/memory/MemoryVisualization.test.tsx","Ring 3-4 frontend","memory test","test","read/metadata","no/unknown","is-test"
"src/__tests__/features/memory/__snapshots__/MemoryCard.test.tsx.snap","Ring 3-4 frontend","memory test","test","read/metadata","no/unknown","is-test"
"src/__tests__/features/memory/__snapshots__/MemorySearch.test.tsx.snap","Ring 3-4 frontend","memory test","test","read/metadata","no/unknown","is-test"
"src/__tests__/features/memory/__snapshots__/MemoryVisualization.test.tsx.snap","Ring 3-4 frontend","memory test","test","read/metadata","no/unknown","is-test"
"src/__tests__/features/memory/memoryTreeData.test.ts","Ring 3-4 frontend","memory test","test","read/metadata","no/unknown","is-test"
"src/__tests__/hooks/useChatMemory.test.ts","Ring 3-4 frontend","memory test","test","read/metadata","no/unknown","is-test"
"src/__tests__/hooks/useMemory.test.tsx","Ring 3-4 frontend","memory test","test","read/metadata","no/unknown","is-test"
"src/__tests__/hooks/useMemoryCore.test.tsx","Ring 3-4 frontend","memory test","test","read/metadata","no/unknown","is-test"
"src/__tests__/hooks/usePersistentMemory.test.tsx","Ring 3-4 frontend","memory test","test","read/metadata","no/unknown","is-test"
"src/__tests__/memory-consumption-truth.test.ts","Ring 3-4 frontend","memory test","test","read/metadata","no/unknown","is-test"
"src/__tests__/memoryComponents.test.tsx","Ring 3-4 frontend","memory test","test","read/metadata","no/unknown","is-test"
"src/__tests__/modules/IdentityMemoryEvolutionCenter.test.tsx","Ring 3-4 frontend","memory test","test","read/metadata","no/unknown","is-test"
"src/__tests__/pages/Memory.test.tsx","Ring 3-4 frontend","memory test","test","read/metadata","no/unknown","is-test"
"src/__tests__/persistentMemory.test.ts","Ring 3-4 frontend","memory test","test","read/metadata","no/unknown","is-test"
"src/__tests__/services/ai/memoryIntegration.test.ts","Ring 3-4 frontend","memory test","test","read/metadata","no/unknown","is-test"
"src/__tests__/services/api/memory.test.ts","Ring 3-4 frontend","memory test","test","read/metadata","no/unknown","is-test"
"src/__tests__/services/chatMemoryCompactor.namespace.test.ts","Ring 3-4 frontend","canonical chat history persistence","canonical","read/write candidate","yes/candidate","is-test"
"src/__tests__/services/memory/MemoryIntelligenceEngine.test.ts","Ring 3-4 frontend","memory test","test","read/metadata","no/unknown","is-test"
"src/__tests__/services/memory/UnifiedMemoryService.namespace.test.ts","Ring 3-4 frontend","legacy file-based memory service","legacy/risk","read/metadata","risk","is-test"
"src/__tests__/services/memoryEngine-persistent-bridge.test.ts","Ring 3-4 frontend","memory test","test","read/metadata","no/unknown","is-test"
"src/__tests__/unifiedMemory.test.ts","Ring 3-4 frontend","memory test","test","read/metadata","no/unknown","is-test"
"src/apps/devtools/components/MemoryTree.tsx","Ring 3-4 frontend","memory-related","unknown","read/metadata","no/unknown","needs cross-ref"
"src/apps/devtools/sections/Memory.tsx","Ring 3-4 frontend","memory-related","unknown","read/metadata","no/unknown","needs cross-ref"
"src/cognitive/memory/memoryEngine.ts","Ring 3-4 frontend","memory-related","unknown","read/metadata","no/unknown","needs cross-ref"
"src/components/MemoryEvolution/MemoryEvolutionCenter.css","Ring 3-4 frontend","memory-related","unknown","read/metadata","no/unknown","needs cross-ref"
"src/components/MemoryEvolution/MemoryEvolutionCenter.tsx","Ring 3-4 frontend","memory-related","unknown","read/metadata","no/unknown","needs cross-ref"
"src/components/MemoryEvolution/index.ts","Ring 3-4 frontend","memory-related","unknown","read/metadata","no/unknown","needs cross-ref"
"src/components/chat/MemoryDashboard.tsx","Ring 3-4 frontend","memory-related","unknown","read/metadata","no/unknown","needs cross-ref"
"src/components/chat/MemoryViewer.css","Ring 3-4 frontend","memory-related","unknown","read/metadata","no/unknown","needs cross-ref"
"src/components/chat/MemoryViewer.tsx","Ring 3-4 frontend","memory-related","unknown","read/metadata","no/unknown","needs cross-ref"
"src/components/chat/__tests__/MemoryDashboard.test.tsx","Ring 3-4 frontend","memory test","test","read/metadata","no/unknown","is-test"
"src/components/devtools/MemoryTree.tsx","Ring 3-4 frontend","memory-related","unknown","read/metadata","no/unknown","needs cross-ref"
"src/components/panels/MemoryPanel.tsx","Ring 3-4 frontend","memory-related","unknown","read/metadata","no/unknown","needs cross-ref"
"src/components/sections/MemoryEvolutionSection.tsx","Ring 3-4 frontend","memory-related","unknown","read/metadata","no/unknown","needs cross-ref"
"src/components/sections/MemorySection.tsx","Ring 3-4 frontend","memory-related","unknown","read/metadata","no/unknown","needs cross-ref"
"src/config/memoryEngine.config.ts","Ring 3-4 frontend","memory-related","unknown","read/metadata","no/unknown","needs cross-ref"
"src/core/ai/agents/memory_core_agent.ts","Ring 3-4 frontend","memory-related","unknown","read/metadata","no/unknown","needs cross-ref"
"src/core/prompts/memoryTemplates.ts","Ring 3-4 frontend","memory-related","unknown","read/metadata","no/unknown","needs cross-ref"
"src/data/memory_clusters.json","Ring 3-4 frontend","memory-related","unknown","read/metadata","no/unknown","needs cross-ref"
"src/data/memory_ct.json","Ring 3-4 frontend","memory-related","unknown","read/metadata","no/unknown","needs cross-ref"
"src/data/memory_evolution_config.json","Ring 3-4 frontend","memory-related","unknown","read/metadata","no/unknown","needs cross-ref"
"src/data/memory_lt.json","Ring 3-4 frontend","memory-related","unknown","read/metadata","no/unknown","needs cross-ref"
"src/data/memory_mt.json","Ring 3-4 frontend","memory-related","unknown","read/metadata","no/unknown","needs cross-ref"
"src/data/memory_patterns.json","Ring 3-4 frontend","memory-related","unknown","read/metadata","no/unknown","needs cross-ref"
"src/features/cognitive/MemoryTimeline.tsx","Ring 3-4 frontend","memory-related","unknown","read/metadata","no/unknown","needs cross-ref"
"src/features/kernel/MemoryGraph.tsx","Ring 3-4 frontend","memory-related","unknown","read/metadata","no/unknown","needs cross-ref"
"src/features/memory/MemorySearchPanel.css","Ring 3-4 frontend","memory-related","unknown","read/metadata","no/unknown","needs cross-ref"
"src/features/memory/MemorySearchPanel.tsx","Ring 3-4 frontend","memory-related","unknown","read/metadata","no/unknown","needs cross-ref"
"src/features/memory/MemoryTreeViewer.css","Ring 3-4 frontend","memory-related","unknown","read/metadata","no/unknown","needs cross-ref"
"src/features/memory/MemoryTreeViewer.tsx","Ring 3-4 frontend","memory-related","unknown","read/metadata","no/unknown","needs cross-ref"
"src/features/memory/dedupeMemoryEntries.ts","Ring 3-4 frontend","memory-related","unknown","read/metadata","no/unknown","needs cross-ref"
"src/features/memory/index.ts","Ring 3-4 frontend","memory-related","unknown","read/metadata","no/unknown","needs cross-ref"
"src/features/memory/memoryTreeData.ts","Ring 3-4 frontend","memory-related","unknown","read/metadata","no/unknown","needs cross-ref"
"src/hooks/__tests__/useUnifiedMemory.test.ts","Ring 3-4 frontend","memory test","test","read/metadata","no/unknown","is-test"
"src/pages/Memory.tsx","Ring 3-4 frontend","memory-related","unknown","read/metadata","no/unknown","needs cross-ref"
"src/services/__tests__/chatMemory.test.ts","Ring 3-4 frontend","memory test","test","read/metadata","no/unknown","is-test"
"src/services/ai/__tests__/memoryWritePolicy.test.ts","Ring 3-4 frontend","memory test","test","read/metadata","no/unknown","is-test"
"src/services/ai/__tests__/workingMemoryCompressor.test.ts","Ring 3-4 frontend","memory test","test","read/metadata","no/unknown","is-test"
"src/services/ai/memoryIntegration.ts","Ring 3-4 frontend","memory-related","unknown","read/metadata","no/unknown","needs cross-ref"
"src/services/ai/memoryWritePolicy.ts","Ring 3-4 frontend","memory-related","unknown","read/metadata","no/unknown","needs cross-ref"
"src/services/ai/providers/__tests__/providerMemoryReuse.test.ts","Ring 3-4 frontend","memory test","test","read/metadata","no/unknown","is-test"
"src/services/api/memory.ts","Ring 3-4 frontend","memory-related","unknown","read/metadata","no/unknown","needs cross-ref"
"src/services/chat/__tests__/chatMemorySingleDoor.timeContext.test.ts","Ring 3-4 frontend","canonical prompt context door","test","read/metadata","no/unknown","is-test"
"src/services/chat/__tests__/temporalMemoryManager.test.ts","Ring 3-4 frontend","memory test","test","read/metadata","no/unknown","is-test"
"src/services/knowledge_manager/memoryOptimizer.ts","Ring 3-4 frontend","memory-related","unknown","read/metadata","no/unknown","needs cross-ref"
"src/services/knowledge_runtime/MemoryAgingPolicy.ts","Ring 3-4 frontend","memory-related","unknown","read/metadata","no/unknown","needs cross-ref"
"src/services/knowledge_runtime/MemoryCandidateLedger.ts","Ring 3-4 frontend","memory-related","unknown","read/metadata","no/unknown","needs cross-ref"
"src/services/knowledge_runtime/MemoryPromotionPolicy.ts","Ring 3-4 frontend","memory-related","unknown","read/metadata","no/unknown","needs cross-ref"
"src/services/knowledge_runtime/__tests__/MemoryAgingPolicy.test.ts","Ring 3-4 frontend","memory test","test","read/metadata","no/unknown","is-test"
"src/services/knowledge_runtime/__tests__/MemoryCandidateLedger.test.ts","Ring 3-4 frontend","memory test","test","read/metadata","no/unknown","is-test"
"src/services/knowledge_runtime/__tests__/MemoryPromotionPolicy.test.ts","Ring 3-4 frontend","memory test","test","read/metadata","no/unknown","is-test"
"src/services/memory/MemoryBridge.ts","Ring 3-4 frontend","memory-related","legacy/risk","read/metadata","risk","needs cross-ref"
"src/services/memory/MemoryIntelligenceEngine.ts","Ring 3-4 frontend","memory-related","unknown","read/metadata","no/unknown","needs cross-ref"
"src/services/memory/UnifiedMemoryService.ts","Ring 3-4 frontend","legacy file-based memory service","legacy/risk","read/metadata","risk","needs cross-ref"
"src/services/memory/__tests__/knowledgeGraphIndex.test.ts","Ring 3-4 frontend","memory test","test","read/metadata","no/unknown","is-test"
"src/services/memory/__tests__/memoryWebEnricher.test.ts","Ring 3-4 frontend","memory test","test","read/metadata","no/unknown","is-test"
"src/services/memory/knowledgeGraphIndex.ts","Ring 3-4 frontend","memory-related","unknown","read/metadata","no/unknown","needs cross-ref"
"src/services/memory/memorySelfHealEngine.ts","Ring 3-4 frontend","memory-related","unknown","read/metadata","no/unknown","needs cross-ref"
"src/services/memory/memoryUtils.ts","Ring 3-4 frontend","memory-related","unknown","read/metadata","no/unknown","needs cross-ref"
"src/services/memory/memoryWebEnricher.ts","Ring 3-4 frontend","memory-related","unknown","read/metadata","no/unknown","needs cross-ref"
"src/services/memory/persistentMemory.config.ts","Ring 3-4 frontend","memory-related","unknown","read/metadata","no/unknown","needs cross-ref"
"src/services/memory/persistentMemory.normalize.ts","Ring 3-4 frontend","memory-related","unknown","read/metadata","no/unknown","needs cross-ref"
"src/services/memory/types.ts","Ring 3-4 frontend","memory-related","unknown","read/metadata","no/unknown","needs cross-ref"
"src/services/memory/v2/MemoryGraphV2ShadowContract.ts","Ring 3-4 frontend","memory-related","unknown","read/metadata","no/unknown","needs cross-ref"
"src/services/memory/v2/__tests__/MemoryGraphV2ShadowContract.test.ts","Ring 3-4 frontend","memory test","test","read/metadata","no/unknown","is-test"
"src/services/unified/__tests__/UnifiedMemory.benchmark.ts","Ring 3-4 frontend","canonical frontend unified memory","test","read/metadata","no/unknown","is-test"
"src/services/unified/__tests__/UnifiedMemory.perf.test.ts","Ring 3-4 frontend","canonical frontend unified memory","test","read/metadata","no/unknown","is-test"
"src/services/unified/__tests__/UnifiedMemory.unit.test.ts","Ring 3-4 frontend","canonical frontend unified memory","test","read/metadata","no/unknown","is-test"
"src/stores/memoryStore.selectors.ts","Ring 3-4 frontend","memory-related","unknown","read/metadata","no/unknown","needs cross-ref"
"src/stores/memoryStore.ts","Ring 3-4 frontend","memory-related","unknown","read/metadata","no/unknown","needs cross-ref"
"src/tests/memory/memorySelfHealTests.ts","Ring 3-4 frontend","memory-related","test","read/metadata","no/unknown","is-test"
"src/types/memoryEngine.ts","Ring 3-4 frontend","memory-related","unknown","read/metadata","no/unknown","needs cross-ref"
"src/ui/pages/ControlPanel/sections/MemorySection.tsx","Ring 3-4 frontend","memory-related","unknown","read/metadata","no/unknown","needs cross-ref"
